chrom,pos,ref,alt,gene,label,af,dataset
1,228140298,C,T,GUK1,0,0.0506999,panelapp_benign
1,228141846,G,A,GUK1,0,0.00828791,panelapp_benign
1,228145539,G,A,GUK1,0,0.00545279,panelapp_benign
1,228146048,C,T,GUK1,0,0.00197546,panelapp_benign
1,228146114,G,A,GUK1,0,0.00377873,panelapp_benign
1,228146891,C,T,GUK1,0,0.00219274,panelapp_benign
1,228147424,C,T,GUK1,0,0.0620356,panelapp_benign
1,228148212,G,A,GUK1,0,0.00117294,panelapp_benign
1,228148237,C,T,GUK1,0,0.00126736,panelapp_benign
1,228148258,C,T,GUK1,0,0.0492635,panelapp_benign
1,228148332,A,C,GUK1,0,0.00197587,panelapp_benign
1,228148429,C,T,GUK1,0,0.00113269,panelapp_benign
1,228148641,A,G,GUK1,0,0.00227398,panelapp_benign
1,228148715,C,T,GUK1,0,0.00178882,panelapp_benign
1,228148724,G,A,GUK1,0,0.00158612,panelapp_benign
1,228097290,C,T,ARF1,0,0.0871499,panelapp_benign
1,228097542,G,A,ARF1,0,0.0112318,panelapp_benign
1,228097552,C,A,ARF1,0,0.00162554,panelapp_benign
1,228097835,A,G,ARF1,0,0.00173106,panelapp_benign
1,228097878,C,T,ARF1,0,0.00242488,panelapp_benign
1,228097944,C,T,ARF1,0,0.00245541,panelapp_benign
1,228098034,A,T,ARF1,0,0.00168653,panelapp_benign
1,224114151,C,A,FBXO28,0,0.0030184,panelapp_benign
1,224114345,C,T,FBXO28,0,0.011718,panelapp_benign
1,224114420,C,A,FBXO28,0,0.00303737,panelapp_benign
1,224130443,T,G,FBXO28,0,0.001002,panelapp_benign
1,224130446,A,C,FBXO28,0,0.00107643,panelapp_benign
1,224157310,G,A,FBXO28,0,0.998377,panelapp_benign
2,199911396,T,C,C2ORF69,0,0.00300337,panelapp_benign
2,199911630,T,G,C2ORF69,0,0.129366,panelapp_benign
2,199925081,C,T,C2ORF69,0,0.00142565,panelapp_benign
2,199925327,A,G,C2ORF69,0,0.0161159,panelapp_benign
2,199925493,C,T,C2ORF69,0,0.0596019,panelapp_benign
2,196764596,A,G,GTF3C3,0,0.0103865,panelapp_benign
2,196766579,G,C,GTF3C3,0,0.00183954,panelapp_benign
2,196771803,T,C,GTF3C3,0,0.0018134,panelapp_benign
2,196775072,A,G,GTF3C3,0,0.00177927,panelapp_benign
2,196780673,C,T,GTF3C3,0,0.105722,panelapp_benign
2,196789869,T,A,GTF3C3,0,0.0018953,panelapp_benign
2,196791464,T,C,GTF3C3,0,0.00108004,panelapp_benign
2,196793029,G,C,GTF3C3,0,0.00186477,panelapp_benign
2,196793188,A,G,GTF3C3,0,0.00118493,panelapp_benign
2,196797802,T,C,GTF3C3,0,0.0864614,panelapp_benign
3,185917669,A,G,TRA2B,0,0.00278863,panelapp_benign
3,185919524,C,T,TRA2B,0,0.00105284,panelapp_benign
3,185924001,G,C,TRA2B,0,0.00152368,panelapp_benign
3,185925666,A,G,TRA2B,0,0.132623,panelapp_benign
3,185931878,G,A,TRA2B,0,0.011178,panelapp_benign
1,184694403,A,C,EDEM3,0,0.390262,panelapp_benign
1,184694447,T,C,EDEM3,0,0.447059,panelapp_benign
1,184702775,C,A,EDEM3,0,0.0578855,panelapp_benign
1,184702824,T,C,EDEM3,0,0.00565887,panelapp_benign
1,184702964,G,A,EDEM3,0,0.0117919,panelapp_benign
1,184703032,T,C,EDEM3,0,0.00119223,panelapp_benign
1,184703045,A,G,EDEM3,0,0.0590209,panelapp_benign
1,184706680,G,A,EDEM3,0,0.390062,panelapp_benign
1,184708330,G,A,EDEM3,0,0.52559,panelapp_benign
1,184708362,T,C,EDEM3,0,0.00670776,panelapp_benign
1,184710378,T,C,EDEM3,0,0.00197933,panelapp_benign
1,184710582,C,A,EDEM3,0,0.00398537,panelapp_benign
1,184710595,T,C,EDEM3,0,0.00143519,panelapp_benign
1,184711839,A,G,EDEM3,0,0.00198017,panelapp_benign
1,184723866,A,T,EDEM3,0,0.00839988,panelapp_benign
1,180288468,A,C,ACBD6,0,0.00486619,panelapp_benign
1,180288557,A,C,ACBD6,0,0.948358,panelapp_benign
1,180413332,T,C,ACBD6,0,0.0017909,panelapp_benign
1,180502171,A,G,ACBD6,0,0.00162665,panelapp_benign
1,173733718,C,T,KLHL20,0,0.00211339,panelapp_benign
1,173755894,T,G,KLHL20,0,0.00281482,panelapp_benign
1,173755913,T,C,KLHL20,0,0.00277737,panelapp_benign
1,173755962,G,A,KLHL20,0,0.0212043,panelapp_benign
1,173757204,T,A,KLHL20,0,0.0031468,panelapp_benign
1,173766239,T,C,KLHL20,0,0.0250976,panelapp_benign
1,173766295,C,T,KLHL20,0,0.025847,panelapp_benign
5,172834401,C,T,ERGIC1,0,0.00162877,panelapp_benign
5,172834459,G,A,ERGIC1,0,0.256146,panelapp_benign
5,172866962,A,C,ERGIC1,0,0.54752,panelapp_benign
5,172867190,C,T,ERGIC1,0,0.0115738,panelapp_benign
5,172867191,G,T,ERGIC1,0,0.748609,panelapp_benign
5,172867456,C,T,ERGIC1,0,0.00167939,panelapp_benign
5,172867510,G,A,ERGIC1,0,0.188525,panelapp_benign
5,172867633,A,T,ERGIC1,0,0.00845813,panelapp_benign
5,172897125,A,T,ERGIC1,0,0.221234,panelapp_benign
5,172905409,T,G,ERGIC1,0,0.00704158,panelapp_benign
5,172906127,T,A,ERGIC1,0,0.00186738,panelapp_benign
5,172909656,C,A,ERGIC1,0,0.00109404,panelapp_benign
5,172914548,T,C,ERGIC1,0,0.00163344,panelapp_benign
5,172914914,T,C,ERGIC1,0,0.207777,panelapp_benign
5,172914966,C,T,ERGIC1,0,0.0109575,panelapp_benign
5,171868665,G,C,FBXW11,0,0.00135453,panelapp_benign
5,171869835,T,G,FBXW11,0,0.00242752,panelapp_benign
5,171869850,T,C,FBXW11,0,0.00627569,panelapp_benign
5,171870901,C,T,FBXW11,0,0.00586156,panelapp_benign
5,171872855,C,T,FBXW11,0,0.00101988,panelapp_benign
5,171876315,G,A,FBXW11,0,0.00213842,panelapp_benign
5,171876473,A,G,FBXW11,0,0.00972033,panelapp_benign
5,171878034,A,G,FBXW11,0,0.0262512,panelapp_benign
5,172006444,C,T,FBXW11,0,0.00562271,panelapp_benign
3,170423058,A,G,CLDN11,0,0.913872,panelapp_benign
3,170423119,G,T,CLDN11,0,0.0013481,panelapp_benign
3,170432572,G,A,CLDN11,0,0.00148018,panelapp_benign
3,158122166,G,A,RSRC1,0,0.00156279,panelapp_benign
3,158122321,A,G,RSRC1,0,0.00703016,panelapp_benign
3,158124006,G,C,RSRC1,0,0.00126476,panelapp_benign
3,158132168,C,T,RSRC1,0,0.673544,panelapp_benign
3,158225680,G,C,RSRC1,0,0.0106096,panelapp_benign
3,158354834,A,G,RSRC1,0,0.00171063,panelapp_benign
3,158354848,C,T,RSRC1,0,0.0337093,panelapp_benign
3,158460895,G,A,RSRC1,0,0.0206536,panelapp_benign
3,158469400,G,A,RSRC1,0,0.172985,panelapp_benign
3,158544148,C,T,RSRC1,0,0.00914932,panelapp_benign
6,158170587,T,G,GTF2H5,0,0.016168,panelapp_benign
6,158190623,A,T,GTF2H5,0,0.119643,panelapp_benign
6,158190937,G,A,GTF2H5,0,0.13015,panelapp_benign
1,155233985,C,G,GBA,0,0.00145102,panelapp_benign
1,155234414,G,A,GBA,0,0.141918,panelapp_benign
1,155235252,A,G,GBA,0,0.0012957,panelapp_benign
1,155235843,T,C,GBA,0,0.00231065,panelapp_benign
1,155236246,G,A,GBA,0,0.00593773,panelapp_benign
1,155236376,C,T,GBA,0,0.01046,panelapp_benign
1,155237596,A,T,GBA,0,0.00729998,panelapp_benign
1,155241127,T,C,GBA,0,0.0012448,panelapp_benign
5,154889301,T,C,GEMIN5,0,0.00410744,panelapp_benign
5,154889342,C,T,GEMIN5,0,0.97222,panelapp_benign
5,154889392,A,C,GEMIN5,0,0.00139854,panelapp_benign
5,154891327,T,C,GEMIN5,0,0.00310991,panelapp_benign
5,154891677,A,C,GEMIN5,0,0.00311957,panelapp_benign
5,154891786,T,C,GEMIN5,0,0.00171688,panelapp_benign
5,154892388,G,A,GEMIN5,0,0.97241,panelapp_benign
5,154896226,G,A,GEMIN5,0,0.0992107,panelapp_benign
5,154896280,A,G,GEMIN5,0,0.00584343,panelapp_benign
5,154898591,G,A,GEMIN5,0,0.00666842,panelapp_benign
5,154899193,T,C,GEMIN5,0,0.00173247,panelapp_benign
5,154899279,G,A,GEMIN5,0,0.00460492,panelapp_benign
5,154899328,C,T,GEMIN5,0,0.972107,panelapp_benign
5,154899362,T,C,GEMIN5,0,0.00103432,panelapp_benign
5,154901508,G,A,GEMIN5,0,0.0017782,panelapp_benign
X,154411756,G,C,TAZ,0,0.00824902,panelapp_benign
X,154413282,C,T,TAZ,0,0.00491105,panelapp_benign
X,154413295,A,C,TAZ,0,0.00553334,panelapp_benign
X,154414113,T,C,TAZ,0,0.00456538,panelapp_benign
X,154419497,C,T,TAZ,0,0.00360569,panelapp_benign
X,154420170,C,T,TAZ,0,0.00225693,panelapp_benign
X,154420998,G,A,TAZ,0,0.00359014,panelapp_benign
5,153490969,C,A,GRIA1,0,0.0066121,panelapp_benign
5,153492161,G,T,GRIA1,0,0.161419,panelapp_benign
5,153492244,G,A,GRIA1,0,0.00275942,panelapp_benign
5,153494089,A,G,GRIA1,0,0.179208,panelapp_benign
5,153650312,T,A,GRIA1,0,0.0374158,panelapp_benign
5,153650400,T,C,GRIA1,0,0.259618,panelapp_benign
5,153650468,T,G,GRIA1,0,0.00233577,panelapp_benign
5,153686186,A,G,GRIA1,0,0.142707,panelapp_benign
5,153686251,C,T,GRIA1,0,0.003661,panelapp_benign
5,153698094,C,T,GRIA1,0,0.00123859,panelapp_benign
5,153698950,G,A,GRIA1,0,0.0010633,panelapp_benign
5,153705693,T,C,GRIA1,0,0.020774,panelapp_benign
5,153764656,A,G,GRIA1,0,0.631378,panelapp_benign
5,153770437,C,G,GRIA1,0,0.00134761,panelapp_benign
5,153770453,C,T,GRIA1,0,0.00117965,panelapp_benign
1,151800880,A,G,LINGO4,0,0.00324736,panelapp_benign
1,151800899,G,C,LINGO4,0,0.00101819,panelapp_benign
1,151800911,G,A,LINGO4,0,0.100017,panelapp_benign
1,151801073,G,A,LINGO4,0,0.00142759,panelapp_benign
1,151801375,T,A,LINGO4,0,0.0987902,panelapp_benign
1,151801854,G,A,LINGO4,0,0.00374289,panelapp_benign
1,151802412,G,T,LINGO4,0,0.00533277,panelapp_benign
1,151802474,C,T,LINGO4,0,0.00129273,panelapp_benign
5,146592933,A,G,PPP2R2B,0,0.0177923,panelapp_benign
5,146638204,T,C,PPP2R2B,0,0.00101275,panelapp_benign
5,146638345,G,C,PPP2R2B,0,0.00194306,panelapp_benign
5,146650662,G,A,PPP2R2B,0,0.0139923,panelapp_benign
5,146691090,C,T,PPP2R2B,0,0.0476434,panelapp_benign
5,146697963,C,T,PPP2R2B,0,0.169144,panelapp_benign
5,147035190,T,C,PPP2R2B,0,0.00331836,panelapp_benign
5,147040707,T,C,PPP2R2B,0,0.00314918,panelapp_benign
5,147054583,C,T,PPP2R2B,0,0.251997,panelapp_benign
5,147054658,A,G,PPP2R2B,0,0.00131661,panelapp_benign
5,147055646,C,T,PPP2R2B,0,0.00169332,panelapp_benign
5,147055794,A,G,PPP2R2B,0,0.00145729,panelapp_benign
5,147081126,T,A,PPP2R2B,0,0.00165897,panelapp_benign
5,147081128,T,A,PPP2R2B,0,0.0896795,panelapp_benign
5,147081294,C,T,PPP2R2B,0,0.00335658,panelapp_benign
6,146544011,A,T,RAB32,0,0.00109581,panelapp_benign
6,146544133,C,A,RAB32,0,0.00387041,panelapp_benign
6,146549465,G,A,RAB32,0,0.001273,panelapp_benign
6,146554412,A,G,RAB32,0,0.00311533,panelapp_benign
5,144160405,C,T,YIPF5,0,0.00588038,panelapp_benign
5,144160456,A,G,YIPF5,0,0.00136061,panelapp_benign
5,144160516,A,C,YIPF5,0,0.00923121,panelapp_benign
5,144164084,C,T,YIPF5,0,0.0161798,panelapp_benign
5,144164304,T,C,YIPF5,0,0.00308195,panelapp_benign
5,144165488,G,A,YIPF5,0,0.0141369,panelapp_benign
5,141621523,T,C,HDAC3,0,0.0027797,panelapp_benign
5,141621582,A,G,HDAC3,0,0.0189502,panelapp_benign
5,141625417,C,T,HDAC3,0,0.00143385,panelapp_benign
5,141625985,T,C,HDAC3,0,0.00242357,panelapp_benign
5,141625990,G,C,HDAC3,0,0.00127746,panelapp_benign
5,141626026,C,T,HDAC3,0,0.00256553,panelapp_benign
5,141626120,A,G,HDAC3,0,0.113395,panelapp_benign
5,141634927,T,C,HDAC3,0,0.622963,panelapp_benign
5,141636721,T,G,HDAC3,0,0.630489,panelapp_benign
5,141636805,C,G,HDAC3,0,0.00105674,panelapp_benign
5,141636810,C,T,HDAC3,0,0.00109595,panelapp_benign
5,141636816,C,A,HDAC3,0,0.0172909,panelapp_benign
5,141485217,C,T,PCDHGC4,0,0.00366547,panelapp_benign
5,141485697,A,G,PCDHGC4,0,0.0311562,panelapp_benign
5,141486019,T,C,PCDHGC4,0,0.00609742,panelapp_benign
5,141487041,G,A,PCDHGC4,0,0.00125702,panelapp_benign
5,141487100,C,T,PCDHGC4,0,0.00135288,panelapp_benign
5,141487265,G,C,PCDHGC4,0,0.00374577,panelapp_benign
5,141487556,A,G,PCDHGC4,0,0.00318522,panelapp_benign
5,141487585,C,T,PCDHGC4,0,0.00365132,panelapp_benign
5,141487780,C,T,PCDHGC4,0,0.0582733,panelapp_benign
5,141487810,C,A,PCDHGC4,0,0.00171546,panelapp_benign
5,141489436,T,C,PCDHGC4,0,0.231587,panelapp_benign
5,141489610,C,G,PCDHGC4,0,0.0010857,panelapp_benign
5,141490032,C,T,PCDHGC4,0,0.0310875,panelapp_benign
5,141490063,G,A,PCDHGC4,0,0.0010299,panelapp_benign
5,141490317,C,A,PCDHGC4,0,0.0181016,panelapp_benign
3,140942120,A,G,SLC25A36,0,0.00234134,panelapp_benign
3,140956627,C,T,SLC25A36,0,0.00255831,panelapp_benign
3,140956664,T,C,SLC25A36,0,0.00128954,panelapp_benign
3,140956741,G,T,SLC25A36,0,0.0681025,panelapp_benign
3,140973779,A,T,SLC25A36,0,0.00311996,panelapp_benign
3,140976228,G,A,SLC25A36,0,0.0683216,panelapp_benign
3,140976400,A,C,SLC25A36,0,0.00156677,panelapp_benign
3,140976465,C,A,SLC25A36,0,0.0664078,panelapp_benign
6,138170670,G,A,ARFGEF3,0,0.0164417,panelapp_benign
6,138170717,G,A,ARFGEF3,0,0.0164877,panelapp_benign
6,138170759,A,G,ARFGEF3,0,0.0318108,panelapp_benign
6,138207142,G,A,ARFGEF3,0,0.0037407,panelapp_benign
6,138209872,G,C,ARFGEF3,0,0.00124129,panelapp_benign
6,138210011,C,T,ARFGEF3,0,0.00331342,panelapp_benign
6,138218089,C,T,ARFGEF3,0,0.0042461,panelapp_benign
6,138218178,A,G,ARFGEF3,0,0.118611,panelapp_benign
6,138218190,A,G,ARFGEF3,0,0.0103512,panelapp_benign
6,138218235,C,T,ARFGEF3,0,0.00203892,panelapp_benign
6,138218419,T,C,ARFGEF3,0,0.123718,panelapp_benign
6,138218421,G,A,ARFGEF3,0,0.0011856,panelapp_benign
6,138262719,C,T,ARFGEF3,0,0.00150503,panelapp_benign
6,138262722,A,C,ARFGEF3,0,0.00103749,panelapp_benign
6,138262731,C,T,ARFGEF3,0,0.00642389,panelapp_benign
2,137981190,T,C,HNMT,0,0.0105081,panelapp_benign
2,138002079,C,T,HNMT,0,0.099803,panelapp_benign
2,138002243,A,G,HNMT,0,0.0384354,panelapp_benign
2,138005273,G,A,HNMT,0,0.0143722,panelapp_benign
3,136151262,C,T,MSL2,0,0.00562057,panelapp_benign
3,136152337,G,A,MSL2,0,0.00269354,panelapp_benign
5,135534950,G,A,NEUROG1,0,0.00908535,panelapp_benign
5,135535143,G,T,NEUROG1,0,0.00126737,panelapp_benign
5,135535223,G,A,NEUROG1,0,0.0688878,panelapp_benign
5,135535590,C,T,NEUROG1,0,0.0012993,panelapp_benign
9,134139869,G,A,WDR5,0,0.0238547,panelapp_benign
9,134139901,C,T,WDR5,0,0.412975,panelapp_benign
9,134141466,A,G,WDR5,0,0.0105266,panelapp_benign
9,134141467,T,C,WDR5,0,0.0216567,panelapp_benign
9,134142329,A,T,WDR5,0,0.02167,panelapp_benign
9,134142589,G,A,WDR5,0,0.00880011,panelapp_benign
9,134142736,C,T,WDR5,0,0.00161497,panelapp_benign
9,134142754,G,A,WDR5,0,0.0121165,panelapp_benign
9,134148378,G,A,WDR5,0,0.00313794,panelapp_benign
9,134148392,G,A,WDR5,0,0.00171773,panelapp_benign
9,134152004,A,G,WDR5,0,0.0374539,panelapp_benign
9,134152048,G,A,WDR5,0,0.0210404,panelapp_benign
9,134154420,T,C,WDR5,0,0.0373063,panelapp_benign
9,134154574,T,C,WDR5,0,0.00879962,panelapp_benign
9,134155309,A,G,WDR5,0,0.132473,panelapp_benign
9,133030884,G,A,GTF3C5,0,0.00922107,panelapp_benign
9,133030990,G,A,GTF3C5,0,0.0010055,panelapp_benign
9,133031047,C,T,GTF3C5,0,0.00235078,panelapp_benign
9,133042209,G,A,GTF3C5,0,0.00130454,panelapp_benign
9,133042336,G,A,GTF3C5,0,0.00390043,panelapp_benign
9,133042357,C,T,GTF3C5,0,0.0296925,panelapp_benign
9,133043697,A,G,GTF3C5,0,0.00412654,panelapp_benign
9,133043731,T,C,GTF3C5,0,0.0015212,panelapp_benign
9,133043783,G,A,GTF3C5,0,0.00140773,panelapp_benign
9,133043891,G,T,GTF3C5,0,0.00410687,panelapp_benign
9,133050989,C,T,GTF3C5,0,0.00107604,panelapp_benign
9,133053813,A,C,GTF3C5,0,0.0483449,panelapp_benign
9,133053983,C,A,GTF3C5,0,0.00917257,panelapp_benign
9,133054360,C,T,GTF3C5,0,0.00455922,panelapp_benign
9,133054375,C,G,GTF3C5,0,0.00288839,panelapp_benign
9,132073749,T,A,MED27,0,0.00240256,panelapp_benign
9,132077403,T,C,MED27,0,0.985553,panelapp_benign
9,132077422,G,A,MED27,0,0.0108459,panelapp_benign
2,130339219,G,A,CCDC115,0,0.0016061,panelapp_benign
2,130339663,G,A,CCDC115,0,0.0128992,panelapp_benign
2,130339674,G,A,CCDC115,0,0.137203,panelapp_benign
2,130339680,G,C,CCDC115,0,0.137304,panelapp_benign
2,130341645,G,A,CCDC115,0,0.00435052,panelapp_benign
2,130341773,G,C,CCDC115,0,0.00181789,panelapp_benign
2,130341802,C,G,CCDC115,0,0.0157075,panelapp_benign
2,130341805,G,C,CCDC115,0,0.27195,panelapp_benign
2,130341809,G,C,CCDC115,0,0.259455,panelapp_benign
2,130341813,A,C,CCDC115,0,0.196665,panelapp_benign
2,130341817,A,C,CCDC115,0,0.00298538,panelapp_benign
2,130341818,G,C,CCDC115,0,0.00169886,panelapp_benign
2,130342923,G,A,CCDC115,0,0.141055,panelapp_benign
2,130342972,G,T,CCDC115,0,0.00584847,panelapp_benign
2,130343161,G,A,CCDC115,0,0.137116,panelapp_benign
9,128818719,C,T,SPOUT1,0,0.783582,panelapp_benign
9,128818882,G,C,SPOUT1,0,0.00768607,panelapp_benign
9,128820792,C,A,SPOUT1,0,0.00270116,panelapp_benign
9,128820851,A,G,SPOUT1,0,0.00112457,panelapp_benign
9,128820891,T,C,SPOUT1,0,0.720956,panelapp_benign
9,128820892,G,A,SPOUT1,0,0.00166076,panelapp_benign
9,128822352,C,T,SPOUT1,0,0.0522044,panelapp_benign
9,128822469,C,T,SPOUT1,0,0.0012133,panelapp_benign
9,128822741,G,C,SPOUT1,0,0.00110461,panelapp_benign
9,128822790,A,G,SPOUT1,0,0.723247,panelapp_benign
9,128822807,G,C,SPOUT1,0,0.0134618,panelapp_benign
9,128823715,T,A,SPOUT1,0,0.00527343,panelapp_benign
9,128823715,T,C,SPOUT1,0,0.993331,panelapp_benign
9,128823726,C,T,SPOUT1,0,0.0516718,panelapp_benign
9,128823750,C,T,SPOUT1,0,0.00159537,panelapp_benign
4,122922518,C,G,SPATA5,0,0.00378241,panelapp_benign
4,122922561,T,C,SPATA5,0,0.854579,panelapp_benign
4,122922586,A,G,SPATA5,0,0.103796,panelapp_benign
4,122922595,G,T,SPATA5,0,0.00188411,panelapp_benign
4,122922616,C,T,SPATA5,0,0.00132054,panelapp_benign
4,122979302,G,T,SPATA5,0,0.0114963,panelapp_benign
4,123028150,G,T,SPATA5,0,0.0163444,panelapp_benign
4,123056347,A,T,SPATA5,0,0.00129788,panelapp_benign
4,123057186,T,C,SPATA5,0,0.0114964,panelapp_benign
12,123256839,G,A,C12ORF65,0,0.00162825,panelapp_benign
10,122990125,G,A,IKZF5,0,0.0183869,panelapp_benign
10,122990224,A,C,IKZF5,0,0.315927,panelapp_benign
10,123009098,G,A,IKZF5,0,0.0714709,panelapp_benign
4,122174523,C,T,KIAA1109,0,0.0012283,panelapp_benign
4,122174548,C,T,KIAA1109,0,0.0239159,panelapp_benign
4,122174685,G,T,KIAA1109,0,0.00171698,panelapp_benign
4,122186208,A,G,KIAA1109,0,0.00264943,panelapp_benign
4,122187864,A,G,KIAA1109,0,0.0263734,panelapp_benign
4,122187883,T,A,KIAA1109,0,0.00885648,panelapp_benign
4,122187927,G,A,KIAA1109,0,0.00109681,panelapp_benign
4,122192197,A,G,KIAA1109,0,0.192907,panelapp_benign
4,122192239,G,A,KIAA1109,0,0.00120842,panelapp_benign
4,122192273,A,G,KIAA1109,0,0.0392079,panelapp_benign
4,122196800,T,C,KIAA1109,0,0.0607147,panelapp_benign
4,122199459,G,A,KIAA1109,0,0.00117707,panelapp_benign
4,122207505,C,T,KIAA1109,0,0.00102583,panelapp_benign
4,122207511,C,T,KIAA1109,0,0.00117984,panelapp_benign
4,122207532,C,T,KIAA1109,0,0.461819,panelapp_benign
9,122148065,C,T,NDUFA8,0,0.0117857,panelapp_benign
9,122148303,C,A,NDUFA8,0,0.491362,panelapp_benign
9,122152334,C,T,NDUFA8,0,0.505771,panelapp_benign
9,122159971,C,T,NDUFA8,0,0.00593835,panelapp_benign
9,122160035,G,A,NDUFA8,0,0.00239581,panelapp_benign
9,122160054,G,C,NDUFA8,0,0.00132756,panelapp_benign
X,119574859,G,A,UBE2A,0,0.0043506,panelapp_benign
X,119582698,C,T,UBE2A,0,0.00531313,panelapp_benign
X,119583266,A,G,UBE2A,0,0.00107942,panelapp_benign
X,119539802,A,T,CXORF56,0,0.00160328,panelapp_benign
X,119545434,T,C,CXORF56,0,0.00564805,panelapp_benign
X,119545541,A,C,CXORF56,0,0.0104214,panelapp_benign
X,119560224,C,T,CXORF56,0,0.00291004,panelapp_benign
10,119169193,G,A,PRDX3,0,0.00163122,panelapp_benign
10,119172334,T,C,PRDX3,0,0.00199229,panelapp_benign
10,119172416,C,A,PRDX3,0,0.00513746,panelapp_benign
10,119172467,T,G,PRDX3,0,0.00105771,panelapp_benign
10,119173812,G,A,PRDX3,0,0.970791,panelapp_benign
10,119173848,A,G,PRDX3,0,0.00115217,panelapp_benign
10,119177189,G,A,PRDX3,0,0.323673,panelapp_benign
10,119178778,C,T,PRDX3,0,0.0014718,panelapp_benign
10,119178798,G,A,PRDX3,0,0.00238912,panelapp_benign
6,118469051,G,A,CEP85L,0,0.00123554,panelapp_benign
6,118470641,T,C,CEP85L,0,0.0226065,panelapp_benign
6,118470655,T,A,CEP85L,0,0.00106001,panelapp_benign
6,118481928,C,G,CEP85L,0,0.0207919,panelapp_benign
6,118481959,T,C,CEP85L,0,0.0207504,panelapp_benign
6,118483657,T,A,CEP85L,0,0.00382625,panelapp_benign
6,118511256,G,A,CEP85L,0,0.00109868,panelapp_benign
6,118511286,C,G,CEP85L,0,0.00105897,panelapp_benign
6,118523969,A,G,CEP85L,0,0.00138586,panelapp_benign
6,118565792,C,T,CEP85L,0,0.00109029,panelapp_benign
6,118565798,G,T,CEP85L,0,0.654807,panelapp_benign
6,118566052,T,A,CEP85L,0,0.0111524,panelapp_benign
6,118566140,T,C,CEP85L,0,0.46746,panelapp_benign
6,118566170,T,C,CEP85L,0,0.00847161,panelapp_benign
6,118566238,G,A,CEP85L,0,0.00289641,panelapp_benign
1,117870598,T,C,GDAP2,0,0.00300164,panelapp_benign
1,117877924,G,A,GDAP2,0,0.0204938,panelapp_benign
1,117878162,A,G,GDAP2,0,0.00195857,panelapp_benign
1,117881820,T,C,GDAP2,0,0.00195859,panelapp_benign
1,117897037,A,T,GDAP2,0,0.00232008,panelapp_benign
1,117899094,T,C,GDAP2,0,0.00146092,panelapp_benign
1,117899100,A,G,GDAP2,0,0.00146085,panelapp_benign
1,117899231,C,G,GDAP2,0,0.00131188,panelapp_benign
1,117906486,C,T,GDAP2,0,0.0217793,panelapp_benign
1,117906581,G,C,GDAP2,0,0.00662619,panelapp_benign
1,117906593,G,A,GDAP2,0,0.0215758,panelapp_benign
1,117912706,T,C,GDAP2,0,0.00131564,panelapp_benign
1,117918649,A,G,GDAP2,0,0.00685613,panelapp_benign
1,117920159,A,G,GDAP2,0,0.00106127,panelapp_benign
1,117920387,A,C,GDAP2,0,0.00194745,panelapp_benign
5,115524464,G,A,FEM1C,0,0.0787165,panelapp_benign
5,115524700,G,A,FEM1C,0,0.00162341,panelapp_benign
5,115525640,G,C,FEM1C,0,0.00168298,panelapp_benign
12,111843209,A,G,MAPKAPK5,0,0.25,panelapp_benign
12,111870403,A,C,MAPKAPK5,0,0.00461171,panelapp_benign
12,111871221,C,T,MAPKAPK5,0,0.0131497,panelapp_benign
12,111888646,C,T,MAPKAPK5,0,0.00181939,panelapp_benign
12,111888903,T,C,MAPKAPK5,0,0.00404723,panelapp_benign
12,111892970,G,A,MAPKAPK5,0,0.00189793,panelapp_benign
12,111900070,C,T,MAPKAPK5,0,0.113466,panelapp_benign
12,111900120,G,A,MAPKAPK5,0,0.0232366,panelapp_benign
12,111900199,T,C,MAPKAPK5,0,0.00138204,panelapp_benign
12,111900217,A,T,MAPKAPK5,0,0.00160081,panelapp_benign
12,111900289,C,G,MAPKAPK5,0,0.00126489,panelapp_benign
12,111900400,C,T,MAPKAPK5,0,0.0111663,panelapp_benign
12,111900735,T,C,MAPKAPK5,0,0.310435,panelapp_benign
12,111901211,G,A,MAPKAPK5,0,0.173129,panelapp_benign
12,111901465,T,G,MAPKAPK5,0,0.0268573,panelapp_benign
5,111374807,G,C,CAMK4,0,0.00164531,panelapp_benign
5,111374943,G,C,CAMK4,0,0.001793,panelapp_benign
5,111374945,T,C,CAMK4,0,0.00102794,panelapp_benign
5,111376966,C,T,CAMK4,0,0.002453,panelapp_benign
5,111449124,A,G,CAMK4,0,0.728856,panelapp_benign
5,111449250,G,A,CAMK4,0,0.00360944,panelapp_benign
5,111483984,T,C,CAMK4,0,0.00116077,panelapp_benign
5,111484055,G,C,CAMK4,0,0.749677,panelapp_benign
5,111484282,C,T,CAMK4,0,0.00269,panelapp_benign
5,111484418,T,G,CAMK4,0,0.0021561,panelapp_benign
5,111484438,A,G,CAMK4,0,0.00575914,panelapp_benign
6,110614634,G,A,CDK19,0,0.00472925,panelapp_benign
6,110622764,T,G,CDK19,0,0.00224633,panelapp_benign
6,110622782,G,C,CDK19,0,0.00162058,panelapp_benign
6,110623386,C,A,CDK19,0,0.0095449,panelapp_benign
6,110626896,T,C,CDK19,0,0.0717749,panelapp_benign
6,110632013,A,G,CDK19,0,0.00208597,panelapp_benign
6,110643206,G,A,CDK19,0,0.0435713,panelapp_benign
6,110667592,A,T,CDK19,0,0.15543,panelapp_benign
6,110667593,C,A,CDK19,0,0.157112,panelapp_benign
6,110746075,C,A,CDK19,0,0.0103958,panelapp_benign
6,110746247,G,A,CDK19,0,0.00331903,panelapp_benign
6,110814638,G,C,CDK19,0,0.00439352,panelapp_benign
2,110639768,C,T,BUB1,0,0.00116531,panelapp_benign
2,110641789,G,A,BUB1,0,0.00242525,panelapp_benign
2,110649391,G,A,BUB1,0,0.0447128,panelapp_benign
2,110649392,A,G,BUB1,0,0.00309964,panelapp_benign
2,110655928,G,A,BUB1,0,0.0229404,panelapp_benign
2,110658536,G,A,BUB1,0,0.00168323,panelapp_benign
2,110658571,T,C,BUB1,0,0.00101977,panelapp_benign
2,110658729,A,G,BUB1,0,0.00114985,panelapp_benign
2,110661776,T,C,BUB1,0,0.00283174,panelapp_benign
2,110661849,A,G,BUB1,0,0.0761555,panelapp_benign
2,110666253,C,T,BUB1,0,0.00636707,panelapp_benign
2,110666456,C,T,BUB1,0,0.0121246,panelapp_benign
2,110667485,A,C,BUB1,0,0.00101628,panelapp_benign
2,110667649,G,A,BUB1,0,0.00190505,panelapp_benign
2,110667877,T,A,BUB1,0,0.00134884,panelapp_benign
1,108971493,C,T,WDR47,0,0.00172163,panelapp_benign
1,108971619,G,A,WDR47,0,0.00143893,panelapp_benign
1,108974747,T,C,WDR47,0,0.00173846,panelapp_benign
1,108981691,C,G,WDR47,0,0.00354446,panelapp_benign
1,108982821,A,G,WDR47,0,0.00255913,panelapp_benign
1,108983419,C,T,WDR47,0,0.00380532,panelapp_benign
1,108983494,G,A,WDR47,0,0.00194598,panelapp_benign
1,108986591,A,G,WDR47,0,0.00549464,panelapp_benign
1,108995641,G,A,WDR47,0,0.00685896,panelapp_benign
1,109002424,C,T,WDR47,0,0.994478,panelapp_benign
1,109004729,C,T,WDR47,0,0.00171911,panelapp_benign
1,109010905,C,G,WDR47,0,0.0158081,panelapp_benign
9,105244889,C,T,SLC44A1,0,0.00292398,panelapp_benign
9,105244890,T,A,SLC44A1,0,0.00306748,panelapp_benign
9,105299316,A,G,SLC44A1,0,0.00626413,panelapp_benign
9,105309895,A,T,SLC44A1,0,0.00332517,panelapp_benign
9,105356288,A,G,SLC44A1,0,0.0105869,panelapp_benign
9,105362886,C,T,SLC44A1,0,0.00120408,panelapp_benign
9,105374657,C,T,SLC44A1,0,0.00150326,panelapp_benign
9,105385387,C,A,SLC44A1,0,0.00150245,panelapp_benign
9,105385387,C,G,SLC44A1,0,0.00518975,panelapp_benign
9,105385402,A,G,SLC44A1,0,0.00477865,panelapp_benign
9,105385482,T,G,SLC44A1,0,0.107529,panelapp_benign
9,105389918,G,A,SLC44A1,0,0.865074,panelapp_benign
X,103629913,C,T,TCEAL1,0,0.0025781,panelapp_benign
X,103629929,C,T,TCEAL1,0,0.00184494,panelapp_benign
X,103630015,C,A,TCEAL1,0,0.00203637,panelapp_benign
4,102869136,C,T,CISD2,0,0.00122754,panelapp_benign
4,102869438,C,A,CISD2,0,0.00393395,panelapp_benign
4,102869480,C,T,CISD2,0,0.00235945,panelapp_benign
4,102869482,C,G,CISD2,0,0.00137052,panelapp_benign
4,102887358,T,C,CISD2,0,0.0015687,panelapp_benign
4,102887362,C,T,CISD2,0,0.00118651,panelapp_benign
12,100901656,A,G,ANO4,0,0.00449936,panelapp_benign
12,100901824,C,G,ANO4,0,0.0822576,panelapp_benign
12,100922360,G,A,ANO4,0,0.00177703,panelapp_benign
12,100939493,G,T,ANO4,0,0.00322083,panelapp_benign
12,100942423,G,C,ANO4,0,0.047557,panelapp_benign
12,101020139,T,C,ANO4,0,0.00389965,panelapp_benign
12,101042440,G,A,ANO4,0,0.00285312,panelapp_benign
12,101042512,G,C,ANO4,0,0.00341166,panelapp_benign
12,101079297,A,G,ANO4,0,0.00131368,panelapp_benign
12,101086852,C,T,ANO4,0,0.00170742,panelapp_benign
12,101094339,G,T,ANO4,0,0.0165499,panelapp_benign
12,101097630,G,T,ANO4,0,0.00228901,panelapp_benign
12,101097739,G,A,ANO4,0,0.158418,panelapp_benign
12,101110440,C,G,ANO4,0,0.00113008,panelapp_benign
12,101111541,C,T,ANO4,0,0.00233151,panelapp_benign
1,100992715,G,A,DPH5,0,0.00108344,panelapp_benign
1,100992777,A,T,DPH5,0,0.00126778,panelapp_benign
1,101021690,C,T,DPH5,0,0.00187204,panelapp_benign
6,100715557,A,C,ASCC3,0,0.453418,panelapp_benign
6,100718024,A,G,ASCC3,0,0.00366969,panelapp_benign
6,100718219,G,A,ASCC3,0,0.469998,panelapp_benign
6,100767368,A,G,ASCC3,0,0.55919,panelapp_benign
6,100798687,T,C,ASCC3,0,0.0309555,panelapp_benign
6,100800273,C,T,ASCC3,0,0.073061,panelapp_benign
6,100800297,T,C,ASCC3,0,0.0938644,panelapp_benign
6,100805783,T,C,ASCC3,0,0.00115909,panelapp_benign
6,100805912,A,T,ASCC3,0,0.559639,panelapp_benign
6,100848409,G,A,ASCC3,0,0.00169509,panelapp_benign
6,100848513,G,A,ASCC3,0,0.376258,panelapp_benign
6,100848742,T,C,ASCC3,0,0.00118863,panelapp_benign
6,100864045,G,A,ASCC3,0,0.00160831,panelapp_benign
6,100864221,C,T,ASCC3,0,0.961667,panelapp_benign
6,100864228,T,C,ASCC3,0,0.694488,panelapp_benign
6,98835091,G,A,POU3F2,0,0.00119048,panelapp_benign
6,98835105,G,T,POU3F2,0,0.0027027,panelapp_benign
6,98835500,T,G,POU3F2,0,0.86166,panelapp_benign
10,97640889,G,A,PI4K2A,0,0.0331858,panelapp_benign
10,97641079,G,A,PI4K2A,0,0.00323184,panelapp_benign
10,97641229,C,G,PI4K2A,0,0.0118638,panelapp_benign
10,97650991,T,A,PI4K2A,0,0.0010101,panelapp_benign
10,97651033,T,C,PI4K2A,0,0.257464,panelapp_benign
10,97656465,A,C,PI4K2A,0,0.00138939,panelapp_benign
10,97656887,G,A,PI4K2A,0,0.00106963,panelapp_benign
10,97662891,A,G,PI4K2A,0,0.375216,panelapp_benign
10,97662967,G,A,PI4K2A,0,0.00641664,panelapp_benign
10,97664838,T,G,PI4K2A,0,0.00177538,panelapp_benign
10,97666600,T,C,PI4K2A,0,0.00125256,panelapp_benign
10,97667153,C,T,PI4K2A,0,0.00339953,panelapp_benign
10,97673540,C,T,PI4K2A,0,0.237314,panelapp_benign
10,97673549,C,T,PI4K2A,0,0.00788485,panelapp_benign
10,97673632,G,A,PI4K2A,0,0.00141566,panelapp_benign
2,96266311,G,C,CIAO1,0,0.00195691,panelapp_benign
2,96266311,G,T,CIAO1,0,0.00107522,panelapp_benign
2,96266342,C,T,CIAO1,0,0.00224452,panelapp_benign
2,96267374,C,T,CIAO1,0,0.00102626,panelapp_benign
2,96267615,C,T,CIAO1,0,0.0141672,panelapp_benign
2,96267639,C,T,CIAO1,0,0.00856006,panelapp_benign
2,96267936,G,A,CIAO1,0,0.00193738,panelapp_benign
2,96274975,T,C,CIAO1,0,0.00118959,panelapp_benign
5,95555355,G,C,ARSK,0,0.00340459,panelapp_benign
5,95556206,A,G,ARSK,0,0.0100607,panelapp_benign
5,95565951,C,G,ARSK,0,0.0639095,panelapp_benign
5,95565970,A,G,ARSK,0,0.0168125,panelapp_benign
5,95567885,C,T,ARSK,0,0.00126402,panelapp_benign
5,95583216,G,T,ARSK,0,0.00482304,panelapp_benign
5,95601040,G,A,ARSK,0,0.00206165,panelapp_benign
5,95603328,A,C,ARSK,0,0.00166372,panelapp_benign
5,95603469,G,A,ARSK,0,0.00504104,panelapp_benign
5,95603489,A,G,ARSK,0,0.0640527,panelapp_benign
5,95469825,A,C,TTC37,0,0.00168598,panelapp_benign
5,95478311,T,C,TTC37,0,0.00354313,panelapp_benign
5,95478435,G,C,TTC37,0,0.00105401,panelapp_benign
5,95482433,G,A,TTC37,0,0.0015282,panelapp_benign
5,95482498,T,C,TTC37,0,0.00548122,panelapp_benign
5,95497405,C,T,TTC37,0,0.0663283,panelapp_benign
5,95498629,T,G,TTC37,0,0.00231994,panelapp_benign
5,95503824,C,G,TTC37,0,0.00163096,panelapp_benign
5,95506915,G,C,TTC37,0,0.00343578,panelapp_benign
5,95507049,A,T,TTC37,0,0.00871621,panelapp_benign
5,95513556,T,C,TTC37,0,0.00234282,panelapp_benign
5,95516476,G,A,TTC37,0,0.105297,panelapp_benign
5,95516479,A,G,TTC37,0,0.00128714,panelapp_benign
5,95517350,C,A,TTC37,0,0.00193793,panelapp_benign
5,95522217,T,C,TTC37,0,0.00188241,panelapp_benign
14,93207150,A,C,UBR7,0,0.00390744,panelapp_benign
14,93207235,A,G,UBR7,0,0.359641,panelapp_benign
14,93207310,G,A,UBR7,0,0.101838,panelapp_benign
14,93207470,C,T,UBR7,0,0.00322467,panelapp_benign
14,93212176,A,T,UBR7,0,0.00992992,panelapp_benign
14,93218709,G,A,UBR7,0,0.00210675,panelapp_benign
14,93218751,C,T,UBR7,0,0.104184,panelapp_benign
14,93219280,T,C,UBR7,0,0.0110724,panelapp_benign
14,93220226,T,C,UBR7,0,0.0112846,panelapp_benign
14,93220227,T,C,UBR7,0,0.00436199,panelapp_benign
14,93220228,T,C,UBR7,0,0.00123123,panelapp_benign
14,93220241,C,T,UBR7,0,0.00273199,panelapp_benign
14,93220242,C,T,UBR7,0,0.00119116,panelapp_benign
14,93220248,G,A,UBR7,0,0.00481525,panelapp_benign
14,93227060,C,A,UBR7,0,0.00149238,panelapp_benign
10,87756745,A,G,ATAD1,0,0.00277885,panelapp_benign
10,87756762,G,A,ATAD1,0,0.0174911,panelapp_benign
10,87759778,G,C,ATAD1,0,0.00746059,panelapp_benign
10,87790275,T,G,ATAD1,0,0.00121759,panelapp_benign
10,87790288,C,T,ATAD1,0,0.0281942,panelapp_benign
11,86306527,T,A,HIKESHI,0,0.0015141,panelapp_benign
11,86337359,C,T,HIKESHI,0,0.00346899,panelapp_benign
11,86344716,G,A,HIKESHI,0,0.00151416,panelapp_benign
2,86105816,T,C,PTCD3,0,0.00325548,panelapp_benign
2,86106253,G,T,PTCD3,0,0.00194115,panelapp_benign
2,86107076,G,A,PTCD3,0,0.812659,panelapp_benign
2,86107192,C,T,PTCD3,0,0.00158114,panelapp_benign
2,86107246,A,G,PTCD3,0,0.00827806,panelapp_benign
2,86108449,G,A,PTCD3,0,0.0178305,panelapp_benign
2,86108489,T,C,PTCD3,0,0.00131602,panelapp_benign
2,86111125,C,T,PTCD3,0,0.00197679,panelapp_benign
2,86111126,G,A,PTCD3,0,0.00303098,panelapp_benign
2,86116498,A,G,PTCD3,0,0.0179495,panelapp_benign
2,86117114,A,G,PTCD3,0,0.0504509,panelapp_benign
2,86118996,A,G,PTCD3,0,0.00571333,panelapp_benign
2,86119057,G,A,PTCD3,0,0.0500177,panelapp_benign
2,86125802,A,G,PTCD3,0,0.0101427,panelapp_benign
2,86127117,A,T,PTCD3,0,0.00787767,panelapp_benign
16,85799185,C,T,COX4I1,0,0.00262,panelapp_benign
16,85801212,G,A,COX4I1,0,0.0943288,panelapp_benign
16,85804509,G,A,COX4I1,0,0.995885,panelapp_benign
16,85804560,G,A,COX4I1,0,0.994898,panelapp_benign
16,85804589,A,C,COX4I1,0,0.993752,panelapp_benign
16,85804630,A,G,COX4I1,0,0.0011855,panelapp_benign
16,85804897,T,C,COX4I1,0,0.993138,panelapp_benign
16,85804926,A,G,COX4I1,0,0.993424,panelapp_benign
16,85805022,G,A,COX4I1,0,0.00205101,panelapp_benign
16,85805047,T,C,COX4I1,0,0.993677,panelapp_benign
16,85805091,T,C,COX4I1,0,0.00402222,panelapp_benign
16,85806431,G,T,COX4I1,0,0.00757576,panelapp_benign
6,85615074,G,A,SYNCRIP,0,0.00104298,panelapp_benign
6,85622725,A,C,SYNCRIP,0,0.00185715,panelapp_benign
6,85637199,C,T,SYNCRIP,0,0.00265495,panelapp_benign
6,85467046,T,C,NT5E,0,0.0121252,panelapp_benign
6,85467062,A,G,NT5E,0,0.00496835,panelapp_benign
6,85467177,C,G,NT5E,0,0.0010066,panelapp_benign
6,85467248,C,T,NT5E,0,0.00417987,panelapp_benign
6,85471208,A,G,NT5E,0,0.535749,panelapp_benign
6,85485315,G,A,NT5E,0,0.00266139,panelapp_benign
6,85485380,C,T,NT5E,0,0.00488238,panelapp_benign
6,85487535,G,A,NT5E,0,0.00261511,panelapp_benign
6,85489515,A,G,NT5E,0,0.732338,panelapp_benign
6,85489525,T,C,NT5E,0,0.0850814,panelapp_benign
6,85489611,G,C,NT5E,0,0.60645,panelapp_benign
6,85490518,C,G,NT5E,0,0.00246364,panelapp_benign
6,85490987,T,A,NT5E,0,0.00925741,panelapp_benign
5,80650056,G,A,DHFR,0,0.00180674,panelapp_benign
5,80654360,A,G,DHFR,0,0.00330456,panelapp_benign
5,80654584,C,T,DHFR,0,0.242518,panelapp_benign
5,80654689,C,T,DHFR,0,0.156102,panelapp_benign
5,80654748,G,A,DHFR,0,0.00769224,panelapp_benign
5,80654856,A,G,DHFR,0,0.0051762,panelapp_benign
5,80654889,T,C,DHFR,0,0.00567242,panelapp_benign
5,80654900,C,T,DHFR,0,0.00124198,panelapp_benign
5,80654905,G,C,DHFR,0,0.0125855,panelapp_benign
5,80654914,C,G,DHFR,0,0.00112199,panelapp_benign
5,80654917,C,G,DHFR,0,0.016894,panelapp_benign
5,80654932,C,T,DHFR,0,0.0012668,panelapp_benign
13,78601969,C,A,POU4F1,0,0.00511945,panelapp_benign
13,78602390,C,T,POU4F1,0,0.00230485,panelapp_benign
13,78602392,T,C,POU4F1,0,0.00112796,panelapp_benign
13,78602483,C,T,POU4F1,0,0.00219482,panelapp_benign
13,78602539,G,A,POU4F1,0,0.00370907,panelapp_benign
13,78603156,G,A,POU4F1,0,0.421347,panelapp_benign
13,78603332,C,T,POU4F1,0,0.00116815,panelapp_benign
11,78070077,T,C,NDUFC2,0,0.020616,panelapp_benign
11,78072988,C,T,NDUFC2,0,0.00348156,panelapp_benign
11,78079532,C,T,NDUFC2,0,0.00599164,panelapp_benign
11,78079554,C,A,NDUFC2,0,0.00300501,panelapp_benign
11,78079607,T,C,NDUFC2,0,0.846551,panelapp_benign
11,78079609,G,C,NDUFC2,0,0.201775,panelapp_benign
11,78079739,G,T,NDUFC2,0,0.00171302,panelapp_benign
15,77998152,G,A,TBC1D2B,0,0.001438,panelapp_benign
15,77998288,C,T,TBC1D2B,0,0.00202675,panelapp_benign
15,77998293,C,T,TBC1D2B,0,0.00559954,panelapp_benign
15,77998370,G,A,TBC1D2B,0,0.00150701,panelapp_benign
15,78001764,G,A,TBC1D2B,0,0.00262866,panelapp_benign
15,78003423,T,C,TBC1D2B,0,0.00225249,panelapp_benign
15,78012819,C,T,TBC1D2B,0,0.0078361,panelapp_benign
15,78016521,C,T,TBC1D2B,0,0.00433844,panelapp_benign
15,78017964,G,A,TBC1D2B,0,0.0026359,panelapp_benign
15,78024569,G,C,TBC1D2B,0,0.00102783,panelapp_benign
15,78025495,C,G,TBC1D2B,0,0.0140401,panelapp_benign
15,78025502,A,G,TBC1D2B,0,0.00277461,panelapp_benign
15,78030080,G,A,TBC1D2B,0,0.00775138,panelapp_benign
15,78044883,G,A,TBC1D2B,0,0.32162,panelapp_benign
15,78044961,C,T,TBC1D2B,0,0.0665306,panelapp_benign
14,77219448,G,C,TMEM63C,0,0.00454538,panelapp_benign
14,77219479,T,C,TMEM63C,0,0.00597973,panelapp_benign
14,77219960,A,C,TMEM63C,0,0.864031,panelapp_benign
14,77220015,G,A,TMEM63C,0,0.00484753,panelapp_benign
14,77220102,C,T,TMEM63C,0,0.0116983,panelapp_benign
14,77225410,T,C,TMEM63C,0,0.19838,panelapp_benign
14,77233522,C,T,TMEM63C,0,0.00287694,panelapp_benign
14,77236714,A,G,TMEM63C,0,0.740752,panelapp_benign
14,77239383,C,T,TMEM63C,0,0.24957,panelapp_benign
14,77239385,A,T,TMEM63C,0,0.0101211,panelapp_benign
14,77239421,T,C,TMEM63C,0,0.00143053,panelapp_benign
14,77239430,T,C,TMEM63C,0,0.00387995,panelapp_benign
14,77239522,C,T,TMEM63C,0,0.00102133,panelapp_benign
14,77239607,C,T,TMEM63C,0,0.00100341,panelapp_benign
14,77239677,A,C,TMEM63C,0,0.00568979,panelapp_benign
17,76726482,G,A,METTL23,0,0.00134146,panelapp_benign
17,76726810,T,C,METTL23,0,0.338821,panelapp_benign
17,76726815,T,C,METTL23,0,0.316546,panelapp_benign
17,76726819,G,C,METTL23,0,0.225667,panelapp_benign
17,76726821,G,C,METTL23,0,0.00291251,panelapp_benign
17,76726857,C,G,METTL23,0,0.00295374,panelapp_benign
17,76726859,C,T,METTL23,0,0.00145351,panelapp_benign
17,76727110,C,T,METTL23,0,0.00300287,panelapp_benign
17,76727136,T,C,METTL23,0,0.0091158,panelapp_benign
17,76727227,G,C,METTL23,0,0.0113197,panelapp_benign
17,76733029,G,C,METTL23,0,0.00168253,panelapp_benign
17,76733440,G,A,METTL23,0,0.00117394,panelapp_benign
17,76733609,G,A,METTL23,0,0.00605591,panelapp_benign
17,76733682,T,C,METTL23,0,0.00500061,panelapp_benign
17,76733718,C,T,METTL23,0,0.0024537,panelapp_benign
4,76115526,T,A,NUP54,0,0.00185412,panelapp_benign
4,76117654,C,T,NUP54,0,0.152777,panelapp_benign
4,76117821,T,A,NUP54,0,0.152568,panelapp_benign
4,76118040,A,T,NUP54,0,0.153324,panelapp_benign
4,76118199,A,G,NUP54,0,0.190212,panelapp_benign
4,76124609,T,G,NUP54,0,0.132376,panelapp_benign
4,76124629,G,C,NUP54,0,0.00410542,panelapp_benign
4,76124773,T,G,NUP54,0,0.00465416,panelapp_benign
4,76132489,T,C,NUP54,0,0.0127212,panelapp_benign
4,76132650,C,T,NUP54,0,0.00205285,panelapp_benign
4,76132681,T,C,NUP54,0,0.153536,panelapp_benign
4,76134321,A,G,NUP54,0,0.152497,panelapp_benign
4,76136348,A,G,NUP54,0,0.152718,panelapp_benign
4,76144111,C,T,NUP54,0,0.486358,panelapp_benign
4,76144365,T,C,NUP54,0,0.483862,panelapp_benign
15,75904155,A,G,FBXO22,0,0.00990116,panelapp_benign
15,75904650,T,C,FBXO22,0,0.00370901,panelapp_benign
15,75913195,C,T,FBXO22,0,0.00455257,panelapp_benign
15,75913225,C,T,FBXO22,0,0.00246866,panelapp_benign
15,75913319,C,T,FBXO22,0,0.0204902,panelapp_benign
15,75917226,C,T,FBXO22,0,0.0141162,panelapp_benign
6,75312366,A,G,FILIP1,0,0.584588,panelapp_benign
6,75312374,G,C,FILIP1,0,0.675362,panelapp_benign
6,75312455,G,A,FILIP1,0,0.00355216,panelapp_benign
6,75312825,G,A,FILIP1,0,0.00649056,panelapp_benign
6,75313698,A,G,FILIP1,0,0.00509211,panelapp_benign
6,75314163,G,A,FILIP1,0,0.00167139,panelapp_benign
6,75314504,C,T,FILIP1,0,0.0015652,panelapp_benign
6,75314703,T,C,FILIP1,0,0.00113531,panelapp_benign
6,75314988,G,A,FILIP1,0,0.0205171,panelapp_benign
6,75314995,T,C,FILIP1,0,0.00406572,panelapp_benign
6,75414962,C,T,FILIP1,0,0.00275987,panelapp_benign
15,75355898,C,T,MAN2C1,0,0.00404976,panelapp_benign
15,75356276,G,A,MAN2C1,0,0.0941084,panelapp_benign
15,75356309,C,T,MAN2C1,0,0.0445146,panelapp_benign
15,75356774,T,C,MAN2C1,0,0.0150694,panelapp_benign
15,75358295,C,T,MAN2C1,0,0.00138788,panelapp_benign
15,75358495,G,A,MAN2C1,0,0.467312,panelapp_benign
15,75358562,C,T,MAN2C1,0,0.00334536,panelapp_benign
15,75358631,G,A,MAN2C1,0,0.476052,panelapp_benign
15,75358671,C,T,MAN2C1,0,0.00170341,panelapp_benign
15,75359640,G,A,MAN2C1,0,0.0287935,panelapp_benign
15,75359663,G,A,MAN2C1,0,0.00265375,panelapp_benign
15,75359744,G,A,MAN2C1,0,0.00114455,panelapp_benign
15,75360129,T,C,MAN2C1,0,0.00154888,panelapp_benign
15,75360566,T,A,MAN2C1,0,0.00223013,panelapp_benign
15,75360622,C,G,MAN2C1,0,0.0149526,panelapp_benign
15,74923649,C,T,COX5A,0,0.00151585,panelapp_benign
15,74923793,C,T,COX5A,0,0.00234547,panelapp_benign
15,74937941,G,C,COX5A,0,0.00315956,panelapp_benign
15,74937979,G,A,COX5A,0,0.00182149,panelapp_benign
15,74938064,C,G,COX5A,0,0.00154321,panelapp_benign
7,73700499,G,A,STX1A,0,0.0143017,panelapp_benign
7,73700871,G,A,STX1A,0,0.0834898,panelapp_benign
7,73703435,G,A,STX1A,0,0.0542512,panelapp_benign
7,73703713,T,C,STX1A,0,0.00448659,panelapp_benign
7,73703866,T,C,STX1A,0,0.420908,panelapp_benign
7,73708593,A,G,STX1A,0,0.514914,panelapp_benign
7,73708647,G,A,STX1A,0,0.0733275,panelapp_benign
7,73709143,A,G,STX1A,0,0.0369691,panelapp_benign
7,73711334,C,T,STX1A,0,0.00610128,panelapp_benign
7,73719674,C,T,STX1A,0,0.0102041,panelapp_benign
11,73389187,C,T,RELT,0,0.231422,panelapp_benign
11,73389232,G,A,RELT,0,0.00221974,panelapp_benign
11,73390661,G,C,RELT,0,0.00235432,panelapp_benign
11,73390943,G,T,RELT,0,0.00270418,panelapp_benign
11,73391267,G,A,RELT,0,0.0108616,panelapp_benign
11,73392171,A,G,RELT,0,0.00792859,panelapp_benign
11,73392323,C,T,RELT,0,0.00183062,panelapp_benign
11,73392446,C,T,RELT,0,0.00410461,panelapp_benign
11,73393679,G,T,RELT,0,0.0164962,panelapp_benign
11,73393720,T,G,RELT,0,0.00756673,panelapp_benign
11,73394296,C,T,RELT,0,0.00968976,panelapp_benign
11,73394488,C,T,RELT,0,0.00138352,panelapp_benign
11,73394489,G,A,RELT,0,0.00380335,panelapp_benign
11,73394631,G,A,RELT,0,0.00147175,panelapp_benign
11,73394683,C,T,RELT,0,0.00209533,panelapp_benign
4,73061854,T,C,COX18,0,0.00288212,panelapp_benign
4,73064802,G,A,COX18,0,0.00146388,panelapp_benign
4,73064835,G,A,COX18,0,0.390762,panelapp_benign
4,73064835,G,C,COX18,0,0.00228374,panelapp_benign
4,73064909,C,T,COX18,0,0.00225114,panelapp_benign
4,73065453,T,C,COX18,0,0.151668,panelapp_benign
4,73067990,A,G,COX18,0,0.002433,panelapp_benign
4,73069325,G,A,COX18,0,0.00435792,panelapp_benign
4,73069603,A,G,COX18,0,0.00307,panelapp_benign
4,73069640,G,A,COX18,0,0.00121806,panelapp_benign
4,73069686,C,T,COX18,0,0.00175493,panelapp_benign
12,70294150,G,A,CNOT2,0,0.00168836,panelapp_benign
12,70294315,G,A,CNOT2,0,0.00158181,panelapp_benign
12,70330273,G,A,CNOT2,0,0.0994363,panelapp_benign
12,70330452,G,A,CNOT2,0,0.00236609,panelapp_benign
12,70337343,A,G,CNOT2,0,0.0787404,panelapp_benign
12,70342327,C,A,CNOT2,0,0.00529014,panelapp_benign
12,70342333,A,G,CNOT2,0,0.0942379,panelapp_benign
1,69568689,G,A,LRRC7,0,0.00228202,panelapp_benign
1,69678373,T,C,LRRC7,0,0.0898774,panelapp_benign
1,69678414,G,A,LRRC7,0,0.00386526,panelapp_benign
1,69760149,G,A,LRRC7,0,0.17252,panelapp_benign
1,69760240,G,A,LRRC7,0,0.0682314,panelapp_benign
1,69760442,T,C,LRRC7,0,0.166163,panelapp_benign
1,69792096,T,C,LRRC7,0,0.00353635,panelapp_benign
1,69834834,C,T,LRRC7,0,0.00199248,panelapp_benign
1,69839075,A,G,LRRC7,0,0.40388,panelapp_benign
1,69931464,T,G,LRRC7,0,0.00215553,panelapp_benign
1,69980499,G,A,LRRC7,0,0.0606679,panelapp_benign
1,69986334,T,C,LRRC7,0,0.00451606,panelapp_benign
1,69994532,G,A,LRRC7,0,0.0023085,panelapp_benign
1,69994555,C,T,LRRC7,0,0.0602366,panelapp_benign
1,69994621,A,G,LRRC7,0,0.00693876,panelapp_benign
10,69180296,C,T,SUPV3L1,0,0.0100318,panelapp_benign
10,69180310,C,T,SUPV3L1,0,0.0109175,panelapp_benign
10,69180379,C,A,SUPV3L1,0,0.00106643,panelapp_benign
10,69180435,C,T,SUPV3L1,0,0.0534156,panelapp_benign
10,69180546,C,A,SUPV3L1,0,0.00321547,panelapp_benign
10,69180558,C,T,SUPV3L1,0,0.00458002,panelapp_benign
10,69186084,C,T,SUPV3L1,0,0.180164,panelapp_benign
10,69186094,T,C,SUPV3L1,0,0.0111805,panelapp_benign
10,69186109,C,G,SUPV3L1,0,0.00292189,panelapp_benign
10,69187605,T,C,SUPV3L1,0,0.0042971,panelapp_benign
10,69195300,A,G,SUPV3L1,0,0.182288,panelapp_benign
10,69197068,G,C,SUPV3L1,0,0.00347156,panelapp_benign
10,69198571,C,T,SUPV3L1,0,0.182098,panelapp_benign
10,69202393,G,T,SUPV3L1,0,0.0325074,panelapp_benign
10,69202394,A,T,SUPV3L1,0,0.0308606,panelapp_benign
11,68061775,G,A,CHKA,0,0.00152908,panelapp_benign
11,68068985,G,A,CHKA,0,0.0016001,panelapp_benign
11,68070304,A,T,CHKA,0,0.319193,panelapp_benign
11,68074698,G,A,CHKA,0,0.00275265,panelapp_benign
11,68120982,G,A,CHKA,0,0.00128096,panelapp_benign
11,68121188,C,A,CHKA,0,0.00182315,panelapp_benign
11,68121220,G,A,CHKA,0,0.00111732,panelapp_benign
16,67908782,G,A,PSKH1,0,0.00203015,panelapp_benign
16,67927666,A,G,PSKH1,0,0.00337802,panelapp_benign
16,67927670,C,T,PSKH1,0,0.00400774,panelapp_benign
16,67929890,C,T,PSKH1,0,0.00700602,panelapp_benign
16,67930128,G,C,PSKH1,0,0.00131477,panelapp_benign
16,67930159,G,A,PSKH1,0,0.00112394,panelapp_benign
16,67930300,T,C,PSKH1,0,0.209052,panelapp_benign
16,67930335,G,T,PSKH1,0,0.00236056,panelapp_benign
16,67930458,G,A,PSKH1,0,0.0105951,panelapp_benign
14,67292488,G,C,MPP5,0,0.011922,panelapp_benign
14,67292565,C,A,MPP5,0,0.034526,panelapp_benign
14,67292673,G,A,MPP5,0,0.00308922,panelapp_benign
14,67301375,T,C,MPP5,0,0.00317803,panelapp_benign
14,67302111,T,C,MPP5,0,0.00740608,panelapp_benign
14,67302402,A,T,MPP5,0,0.00193367,panelapp_benign
14,67302460,A,C,MPP5,0,0.136997,panelapp_benign
14,67303495,A,G,MPP5,0,0.00750854,panelapp_benign
14,67317369,G,A,MPP5,0,0.00109526,panelapp_benign
14,67320207,A,G,MPP5,0,0.136829,panelapp_benign
14,67321011,C,T,MPP5,0,0.00176044,panelapp_benign
14,67323666,G,A,MPP5,0,0.00123174,panelapp_benign
14,67323819,T,G,MPP5,0,0.00134781,panelapp_benign
14,67332806,G,A,MPP5,0,0.00641159,panelapp_benign
14,67332983,G,C,MPP5,0,0.00773006,panelapp_benign
11,66294475,G,A,TMEM151A,0,0.0017049,panelapp_benign
11,66294552,G,A,TMEM151A,0,0.0556298,panelapp_benign
11,66295075,C,T,TMEM151A,0,0.00213487,panelapp_benign
11,66295158,C,A,TMEM151A,0,0.0028061,panelapp_benign
11,66295417,C,T,TMEM151A,0,0.00382587,panelapp_benign
11,66295620,C,T,TMEM151A,0,0.00179581,panelapp_benign
11,66295701,G,A,TMEM151A,0,0.00255869,panelapp_benign
11,65121483,A,G,MRPL49,0,0.0241134,panelapp_benign
11,65121562,G,A,MRPL49,0,0.00835499,panelapp_benign
11,65122296,G,C,MRPL49,0,0.00602389,panelapp_benign
11,65122311,A,T,MRPL49,0,0.00143127,panelapp_benign
11,65122333,C,T,MRPL49,0,0.00200313,panelapp_benign
11,65125552,G,A,MRPL49,0,0.00244213,panelapp_benign
11,65125741,G,A,MRPL49,0,0.00204087,panelapp_benign
11,65125758,C,T,MRPL49,0,0.00165472,panelapp_benign
11,65125893,T,A,MRPL49,0,0.0448477,panelapp_benign
11,65127102,C,G,MRPL49,0,0.00223822,panelapp_benign
11,64765786,A,C,SF1,0,0.00798374,panelapp_benign
11,64766861,A,C,SF1,0,0.00281642,panelapp_benign
11,64766866,A,C,SF1,0,0.00226541,panelapp_benign
11,64766870,A,C,SF1,0,0.00109172,panelapp_benign
11,64767006,A,G,SF1,0,0.022806,panelapp_benign
11,64767012,T,C,SF1,0,0.00117137,panelapp_benign
11,64767087,C,G,SF1,0,0.00234591,panelapp_benign
11,64767090,G,A,SF1,0,0.00651991,panelapp_benign
11,64767121,C,T,SF1,0,0.00105119,panelapp_benign
11,64767547,G,C,SF1,0,0.0052912,panelapp_benign
11,64767557,T,C,SF1,0,0.00154671,panelapp_benign
11,64767885,T,C,SF1,0,0.992736,panelapp_benign
11,64769027,G,A,SF1,0,0.00215123,panelapp_benign
11,64769361,T,G,SF1,0,0.00156702,panelapp_benign
11,64769394,T,C,SF1,0,0.993339,panelapp_benign
15,64171905,G,A,CSNK1G1,0,0.00592703,panelapp_benign
15,64204455,C,T,CSNK1G1,0,0.00602091,panelapp_benign
15,64204839,A,C,CSNK1G1,0,0.00132244,panelapp_benign
15,64214150,G,A,CSNK1G1,0,0.00365602,panelapp_benign
15,64216564,G,A,CSNK1G1,0,0.344071,panelapp_benign
15,64251468,C,G,CSNK1G1,0,0.00594135,panelapp_benign
15,64265826,C,T,CSNK1G1,0,0.00160309,panelapp_benign
15,64265841,C,G,CSNK1G1,0,0.134945,panelapp_benign
15,64265862,T,C,CSNK1G1,0,0.0537036,panelapp_benign
15,64300323,T,C,CSNK1G1,0,0.00726762,panelapp_benign
15,64300404,T,C,CSNK1G1,0,0.00401231,panelapp_benign
12,64193853,C,A,C12ORF66,0,0.998456,panelapp_benign
12,64215722,C,T,C12ORF66,0,0.00129953,panelapp_benign
17,60679425,T,C,BCAS3,0,0.00237439,panelapp_benign
17,60709264,A,G,BCAS3,0,0.936471,panelapp_benign
17,60709320,A,G,BCAS3,0,0.0183977,panelapp_benign
17,60747206,T,C,BCAS3,0,0.99827,panelapp_benign
17,60747256,G,A,BCAS3,0,0.0198737,panelapp_benign
17,60868588,G,A,BCAS3,0,0.0229113,panelapp_benign
17,60868690,A,G,BCAS3,0,0.00290083,panelapp_benign
17,60874620,T,C,BCAS3,0,0.00135444,panelapp_benign
17,60874622,A,G,BCAS3,0,0.00186195,panelapp_benign
17,60874775,G,C,BCAS3,0,0.0125173,panelapp_benign
17,60887019,C,T,BCAS3,0,0.111111,panelapp_benign
17,60891688,G,T,BCAS3,0,0.00226729,panelapp_benign
17,60891695,T,C,BCAS3,0,0.159786,panelapp_benign
17,60891709,A,G,BCAS3,0,0.0178002,panelapp_benign
17,60910637,C,T,BCAS3,0,0.00260253,panelapp_benign
17,58006573,G,A,SRSF1,0,0.660532,panelapp_benign
3,57556446,C,T,PDE12,0,0.454781,panelapp_benign
3,57556472,G,T,PDE12,0,0.0225801,panelapp_benign
3,57556729,T,C,PDE12,0,0.0129239,panelapp_benign
3,57556811,C,A,PDE12,0,0.00221446,panelapp_benign
3,57557400,G,A,PDE12,0,0.00366627,panelapp_benign
3,57559427,T,C,PDE12,0,0.146323,panelapp_benign
3,57577425,A,G,PDE12,0,0.00132921,panelapp_benign
3,57628856,T,C,PDE12,0,0.00365659,panelapp_benign
3,57630920,C,A,PDE12,0,0.00360301,panelapp_benign
3,57641773,T,C,PDE12,0,0.860811,panelapp_benign
3,57645673,C,T,PDE12,0,0.0019741,panelapp_benign
16,56362186,G,C,AMFR,0,0.00132752,panelapp_benign
16,56362201,G,A,AMFR,0,0.00135654,panelapp_benign
16,56362407,G,A,AMFR,0,0.00108933,panelapp_benign
16,56362489,C,T,AMFR,0,0.00683529,panelapp_benign
16,56362518,C,A,AMFR,0,0.0257617,panelapp_benign
16,56362574,C,T,AMFR,0,0.545029,panelapp_benign
16,56363944,G,A,AMFR,0,0.00345262,panelapp_benign
16,56367440,T,C,AMFR,0,0.049444,panelapp_benign
16,56369155,T,C,AMFR,0,0.00100669,panelapp_benign
16,56369177,A,G,AMFR,0,0.00878931,panelapp_benign
16,56386047,A,C,AMFR,0,0.00139738,panelapp_benign
16,56401890,C,T,AMFR,0,0.00265871,panelapp_benign
16,56403157,A,G,AMFR,0,0.00893097,panelapp_benign
16,56407950,A,G,AMFR,0,0.604359,panelapp_benign
16,56408154,C,T,AMFR,0,0.547258,panelapp_benign
12,55743444,T,G,GDF11,0,0.0064273,panelapp_benign
12,55743453,A,G,GDF11,0,0.00141226,panelapp_benign
12,55748755,G,A,GDF11,0,0.00164777,panelapp_benign
12,55748769,G,T,GDF11,0,0.00214609,panelapp_benign
12,55757507,T,C,GDF11,0,0.278364,panelapp_benign
12,55757571,G,A,GDF11,0,0.00333316,panelapp_benign
12,55716002,G,C,BLOC1S1,0,0.0816721,panelapp_benign
12,55716040,C,T,BLOC1S1,0,0.00566321,panelapp_benign
12,55719254,A,G,BLOC1S1,0,0.00107879,panelapp_benign
17,54961293,A,C,COX11,0,0.224232,panelapp_benign
17,54962956,G,A,COX11,0,0.00117374,panelapp_benign
17,54963247,C,T,COX11,0,0.0154799,panelapp_benign
17,54963266,T,G,COX11,0,0.00417382,panelapp_benign
17,54963287,A,C,COX11,0,0.00145655,panelapp_benign
17,54964649,G,A,COX11,0,0.00550475,panelapp_benign
17,54964656,C,G,COX11,0,0.266296,panelapp_benign
17,54964847,A,G,COX11,0,0.00222703,panelapp_benign
17,54964866,C,A,COX11,0,0.00338106,panelapp_benign
17,54968293,C,T,COX11,0,0.00134059,panelapp_benign
17,54968426,G,A,COX11,0,0.00173691,panelapp_benign
17,54968663,A,C,COX11,0,0.0318038,panelapp_benign
17,54968667,A,C,COX11,0,0.0331985,panelapp_benign
12,54561540,T,C,PDE1B,0,0.674561,panelapp_benign
12,54561677,A,G,PDE1B,0,0.700957,panelapp_benign
12,54569358,C,T,PDE1B,0,0.00260628,panelapp_benign
12,54569411,C,A,PDE1B,0,0.00610338,panelapp_benign
12,54572761,T,C,PDE1B,0,0.00142745,panelapp_benign
12,54573273,G,A,PDE1B,0,0.00194176,panelapp_benign
12,54573505,T,A,PDE1B,0,0.00655896,panelapp_benign
12,54573668,G,C,PDE1B,0,0.00138407,panelapp_benign
12,54573749,G,A,PDE1B,0,0.0058788,panelapp_benign
12,54573754,G,T,PDE1B,0,0.00388561,panelapp_benign
12,54575993,G,T,PDE1B,0,0.00169838,panelapp_benign
12,54576067,C,T,PDE1B,0,0.0013243,panelapp_benign
12,54576086,T,G,PDE1B,0,0.00669854,panelapp_benign
12,54576670,T,C,PDE1B,0,0.518124,panelapp_benign
12,54577518,C,T,PDE1B,0,0.00127216,panelapp_benign
3,50251611,C,T,GNAI2,0,0.00174254,panelapp_benign
3,50252421,C,T,GNAI2,0,0.0185809,panelapp_benign
3,50252537,C,T,GNAI2,0,0.00254756,panelapp_benign
3,50252584,G,A,GNAI2,0,0.0407142,panelapp_benign
3,50256173,T,C,GNAI2,0,0.00211366,panelapp_benign
3,50256177,A,C,GNAI2,0,0.0452579,panelapp_benign
3,50256184,A,C,GNAI2,0,0.0227847,panelapp_benign
3,50256876,G,A,GNAI2,0,0.00100247,panelapp_benign
3,50257119,A,G,GNAI2,0,0.176552,panelapp_benign
3,50258898,G,A,GNAI2,0,0.0656436,panelapp_benign
3,50259063,G,A,GNAI2,0,0.00134697,panelapp_benign
3,50214396,C,T,SLC38A3,0,0.214286,panelapp_benign
3,50215482,A,C,SLC38A3,0,0.00110321,panelapp_benign
3,50215711,C,T,SLC38A3,0,0.0114841,panelapp_benign
3,50215833,C,G,SLC38A3,0,0.00338584,panelapp_benign
3,50217192,A,G,SLC38A3,0,0.107166,panelapp_benign
3,50217873,A,G,SLC38A3,0,0.171862,panelapp_benign
3,50218231,C,T,SLC38A3,0,0.274247,panelapp_benign
3,50218234,C,T,SLC38A3,0,0.274221,panelapp_benign
3,50218259,C,A,SLC38A3,0,0.00228046,panelapp_benign
3,50219957,G,A,SLC38A3,0,0.0495102,panelapp_benign
3,50220044,G,A,SLC38A3,0,0.00136943,panelapp_benign
13,49701775,G,T,KPNA3,0,0.00103315,panelapp_benign
13,49709659,G,A,KPNA3,0,0.00451834,panelapp_benign
13,49709683,T,C,KPNA3,0,0.117709,panelapp_benign
13,49711035,C,A,KPNA3,0,0.00237403,panelapp_benign
13,49721979,C,T,KPNA3,0,0.880823,panelapp_benign
13,49725386,A,C,KPNA3,0,0.00212931,panelapp_benign
13,49725541,T,C,KPNA3,0,0.240333,panelapp_benign
13,49732392,T,C,KPNA3,0,0.00856322,panelapp_benign
13,49732496,C,T,KPNA3,0,0.00108773,panelapp_benign
13,49732785,G,A,KPNA3,0,0.0035499,panelapp_benign
13,49732990,T,C,KPNA3,0,0.00765483,panelapp_benign
17,49600354,C,T,SPOP,0,0.00180986,panelapp_benign
17,49607838,C,G,SPOP,0,0.0334105,panelapp_benign
20,49247237,G,A,ZNFX1,0,0.00521386,panelapp_benign
20,49248103,C,T,ZNFX1,0,0.00206337,panelapp_benign
20,49248296,G,A,ZNFX1,0,0.0248363,panelapp_benign
20,49248335,C,G,ZNFX1,0,0.00106712,panelapp_benign
20,49248803,C,T,ZNFX1,0,0.00124102,panelapp_benign
20,49248835,G,A,ZNFX1,0,0.781797,panelapp_benign
20,49248972,G,A,ZNFX1,0,0.693478,panelapp_benign
20,49249135,C,T,ZNFX1,0,0.0158212,panelapp_benign
20,49249247,C,T,ZNFX1,0,0.173968,panelapp_benign
20,49249307,C,T,ZNFX1,0,0.00203999,panelapp_benign
20,49249387,T,C,ZNFX1,0,0.00419948,panelapp_benign
20,49249526,G,A,ZNFX1,0,0.00115727,panelapp_benign
20,49254516,C,T,ZNFX1,0,0.00110257,panelapp_benign
20,49254660,G,C,ZNFX1,0,0.172603,panelapp_benign
20,49255790,A,G,ZNFX1,0,0.695656,panelapp_benign
X,49191502,C,T,SYP,0,0.00126332,panelapp_benign
X,49191692,G,A,SYP,0,0.00180181,panelapp_benign
X,49193491,G,A,SYP,0,0.00859289,panelapp_benign
X,49193495,T,C,SYP,0,0.0110997,panelapp_benign
3,49024231,G,A,NDUFAF3,0,0.00142333,panelapp_benign
3,48990922,C,T,P4HTM,0,0.0011608,panelapp_benign
3,49001645,C,A,P4HTM,0,0.00186385,panelapp_benign
3,49001677,C,T,P4HTM,0,0.00188972,panelapp_benign
3,49002551,A,G,P4HTM,0,0.0061562,panelapp_benign
3,49002681,C,T,P4HTM,0,0.00777668,panelapp_benign
3,49002756,T,C,P4HTM,0,0.00155673,panelapp_benign
3,49002810,C,T,P4HTM,0,0.00107413,panelapp_benign
3,49004906,C,G,P4HTM,0,0.0584914,panelapp_benign
3,49007334,C,T,P4HTM,0,0.740357,panelapp_benign
3,49007499,G,T,P4HTM,0,0.0031709,panelapp_benign
X,48923192,C,T,OTUD5,0,0.00953363,panelapp_benign
X,48923307,G,A,OTUD5,0,0.00424375,panelapp_benign
X,48923321,G,A,OTUD5,0,0.00160425,panelapp_benign
X,48925907,G,C,OTUD5,0,0.00229372,panelapp_benign
X,48957432,C,T,OTUD5,0,0.00236074,panelapp_benign
17,48930601,C,T,SNF8,0,0.283255,panelapp_benign
17,48930650,G,C,SNF8,0,0.00165036,panelapp_benign
17,48931652,C,A,SNF8,0,0.00139435,panelapp_benign
17,48933173,G,A,SNF8,0,0.00370809,panelapp_benign
17,48934473,A,C,SNF8,0,0.00285633,panelapp_benign
17,48934535,C,T,SNF8,0,0.409167,panelapp_benign
17,48937270,A,G,SNF8,0,0.0111446,panelapp_benign
17,48937313,C,T,SNF8,0,0.996242,panelapp_benign
17,48940931,C,T,SNF8,0,0.0126052,panelapp_benign
17,48943952,C,T,SNF8,0,0.0148522,panelapp_benign
12,48830325,G,C,DDX23,0,0.0161721,panelapp_benign
12,48830553,G,A,DDX23,0,0.00367545,panelapp_benign
12,48831091,A,G,DDX23,0,0.0066443,panelapp_benign
12,48832033,G,A,DDX23,0,0.00350568,panelapp_benign
12,48832087,C,T,DDX23,0,0.00362281,panelapp_benign
12,48832108,G,A,DDX23,0,0.0024494,panelapp_benign
12,48834294,G,C,DDX23,0,0.0868532,panelapp_benign
12,48834305,G,T,DDX23,0,0.0037611,panelapp_benign
12,48835223,T,C,DDX23,0,0.0014499,panelapp_benign
12,48836252,T,G,DDX23,0,0.455757,panelapp_benign
12,48837068,A,G,DDX23,0,0.00110432,panelapp_benign
12,48837916,G,A,DDX23,0,0.0094456,panelapp_benign
12,48843999,C,T,DDX23,0,0.00275551,panelapp_benign
12,48845565,T,C,DDX23,0,0.00362867,panelapp_benign
12,48845830,A,C,DDX23,0,0.00156168,panelapp_benign
17,47847421,C,G,SP6,0,0.00124025,panelapp_benign
17,47847893,C,G,SP6,0,0.00559752,panelapp_benign
11,47418811,G,A,PSMC3,0,0.00148153,panelapp_benign
11,47419207,G,A,PSMC3,0,0.353457,panelapp_benign
11,47420377,C,T,PSMC3,0,0.00160309,panelapp_benign
11,47420420,G,A,PSMC3,0,0.00305974,panelapp_benign
11,47422911,T,C,PSMC3,0,0.0103594,panelapp_benign
11,47424601,G,A,PSMC3,0,0.0014832,panelapp_benign
11,47424741,A,T,PSMC3,0,0.32033,panelapp_benign
11,47425153,T,G,PSMC3,0,0.00640416,panelapp_benign
15,45659026,G,A,SQOR,0,0.00147337,panelapp_benign
15,45659090,T,C,SQOR,0,0.00208882,panelapp_benign
15,45669987,G,A,SQOR,0,0.00447228,panelapp_benign
15,45673634,C,T,SQOR,0,0.00236495,panelapp_benign
15,45673697,G,A,SQOR,0,0.00195297,panelapp_benign
15,45676069,T,G,SQOR,0,0.00155391,panelapp_benign
15,45676133,C,G,SQOR,0,0.00109459,panelapp_benign
15,45676237,T,C,SQOR,0,0.24466,panelapp_benign
15,45676245,C,G,SQOR,0,0.00148305,panelapp_benign
15,45676337,A,C,SQOR,0,0.788955,panelapp_benign
15,45682430,G,A,SQOR,0,0.195025,panelapp_benign
15,45682454,T,C,SQOR,0,0.00458877,panelapp_benign
15,45682565,G,A,SQOR,0,0.00190123,panelapp_benign
15,45682671,C,T,SQOR,0,0.0688673,panelapp_benign
15,45689098,G,A,SQOR,0,0.00375399,panelapp_benign
15,45402381,C,T,SPATA5L1,0,0.356986,panelapp_benign
15,45402398,C,G,SPATA5L1,0,0.0123047,panelapp_benign
15,45402405,C,T,SPATA5L1,0,0.00418327,panelapp_benign
15,45402412,C,T,SPATA5L1,0,0.36683,panelapp_benign
15,45402570,G,T,SPATA5L1,0,0.0316296,panelapp_benign
15,45402623,G,A,SPATA5L1,0,0.00200322,panelapp_benign
15,45402785,G,C,SPATA5L1,0,0.0351291,panelapp_benign
15,45403092,C,T,SPATA5L1,0,0.00206759,panelapp_benign
15,45403143,C,A,SPATA5L1,0,0.0270209,panelapp_benign
15,45403184,G,A,SPATA5L1,0,0.432568,panelapp_benign
15,45403247,C,G,SPATA5L1,0,0.0216783,panelapp_benign
15,45403250,G,T,SPATA5L1,0,0.00936485,panelapp_benign
15,45403372,C,G,SPATA5L1,0,0.00145048,panelapp_benign
15,45403414,C,T,SPATA5L1,0,0.0375852,panelapp_benign
15,45403497,G,A,SPATA5L1,0,0.416786,panelapp_benign
6,44135282,G,C,TMEM63B,0,0.134545,panelapp_benign
6,44135333,G,C,TMEM63B,0,0.00197533,panelapp_benign
6,44136314,C,G,TMEM63B,0,0.00203579,panelapp_benign
6,44139452,C,T,TMEM63B,0,0.0831441,panelapp_benign
6,44139455,G,T,TMEM63B,0,0.00311331,panelapp_benign
6,44139463,G,A,TMEM63B,0,0.294774,panelapp_benign
6,44139628,G,A,TMEM63B,0,0.318119,panelapp_benign
6,44140291,G,T,TMEM63B,0,0.00102276,panelapp_benign
6,44140413,T,C,TMEM63B,0,0.320031,panelapp_benign
6,44140478,A,G,TMEM63B,0,0.00110552,panelapp_benign
6,44140987,G,A,TMEM63B,0,0.00330271,panelapp_benign
6,44141111,C,T,TMEM63B,0,0.0820535,panelapp_benign
6,44147342,C,T,TMEM63B,0,0.0313826,panelapp_benign
6,44147432,G,A,TMEM63B,0,0.11108,panelapp_benign
6,44147507,C,T,TMEM63B,0,0.00318072,panelapp_benign
17,42900832,G,A,G6PC,0,0.00116053,panelapp_benign
17,42901008,C,T,G6PC,0,0.00106181,panelapp_benign
17,42901136,A,G,G6PC,0,0.00118193,panelapp_benign
17,42904082,C,T,G6PC,0,0.0054924,panelapp_benign
17,42907614,G,A,G6PC,0,0.00583984,panelapp_benign
17,42910962,G,T,G6PC,0,0.00165952,panelapp_benign
17,42911429,G,A,G6PC,0,0.00582472,panelapp_benign
1,42807393,A,T,SVBP,0,0.0155072,panelapp_benign
1,42816575,T,C,SVBP,0,0.00292926,panelapp_benign
1,42816583,G,A,SVBP,0,0.00417475,panelapp_benign
1,42817159,G,A,SVBP,0,0.00118559,panelapp_benign
17,42702865,C,A,EZH1,0,0.00739441,panelapp_benign
17,42702981,G,A,EZH1,0,0.00253779,panelapp_benign
17,42703012,T,C,EZH1,0,0.0106241,panelapp_benign
17,42704555,G,A,EZH1,0,0.00115314,panelapp_benign
17,42706002,C,T,EZH1,0,0.00733796,panelapp_benign
17,42708123,C,T,EZH1,0,0.0155408,panelapp_benign
17,42712245,C,T,EZH1,0,0.00300401,panelapp_benign
17,42718650,G,A,EZH1,0,0.00504499,panelapp_benign
17,42719095,C,G,EZH1,0,0.00178722,panelapp_benign
17,42719098,T,C,EZH1,0,0.00238368,panelapp_benign
17,42719131,A,G,EZH1,0,0.00285192,panelapp_benign
17,42722935,G,A,EZH1,0,0.00261318,panelapp_benign
17,42727649,G,T,EZH1,0,0.00126007,panelapp_benign
17,42728986,T,C,EZH1,0,0.00223113,panelapp_benign
17,42745034,C,A,EZH1,0,0.0014615,panelapp_benign
17,42470255,A,T,ATP6V0A1,0,0.00121845,panelapp_benign
17,42477765,G,A,ATP6V0A1,0,0.00249941,panelapp_benign
17,42478475,T,G,ATP6V0A1,0,0.00167234,panelapp_benign
17,42480711,C,T,ATP6V0A1,0,0.0365935,panelapp_benign
17,42487404,G,A,ATP6V0A1,0,0.387319,panelapp_benign
17,42494785,G,A,ATP6V0A1,0,0.24141,panelapp_benign
17,42498911,C,G,ATP6V0A1,0,0.00114329,panelapp_benign
17,42498911,C,T,ATP6V0A1,0,0.0036684,panelapp_benign
17,42498953,G,A,ATP6V0A1,0,0.00107824,panelapp_benign
17,42499042,T,C,ATP6V0A1,0,0.00158052,panelapp_benign
17,42501222,T,C,ATP6V0A1,0,0.00224153,panelapp_benign
17,42502828,A,C,ATP6V0A1,0,0.00434503,panelapp_benign
17,42502837,A,G,ATP6V0A1,0,0.00176735,panelapp_benign
17,42502899,A,G,ATP6V0A1,0,0.0010211,panelapp_benign
17,42514349,C,T,ATP6V0A1,0,0.00106179,panelapp_benign
15,40807621,C,T,ZFYVE19,0,0.0210756,panelapp_benign
15,40807645,G,C,ZFYVE19,0,0.00107717,panelapp_benign
15,40807655,C,T,ZFYVE19,0,0.00109658,panelapp_benign
15,40807803,C,G,ZFYVE19,0,0.011794,panelapp_benign
15,40807906,G,A,ZFYVE19,0,0.00227289,panelapp_benign
15,40808042,A,G,ZFYVE19,0,0.00200835,panelapp_benign
15,40808060,C,T,ZFYVE19,0,0.00186213,panelapp_benign
15,40809817,C,A,ZFYVE19,0,0.00432052,panelapp_benign
15,40809968,C,T,ZFYVE19,0,0.0013064,panelapp_benign
15,40809990,G,T,ZFYVE19,0,0.00173606,panelapp_benign
15,40810128,G,A,ZFYVE19,0,0.00682186,panelapp_benign
15,40810243,C,T,ZFYVE19,0,0.00172627,panelapp_benign
15,40810262,A,G,ZFYVE19,0,0.00221503,panelapp_benign
15,40810267,G,A,ZFYVE19,0,0.00101841,panelapp_benign
15,40810631,G,A,ZFYVE19,0,0.00290494,panelapp_benign
15,40534982,T,A,CCDC32,0,0.0164691,panelapp_benign
15,40535000,C,T,CCDC32,0,0.00682815,panelapp_benign
15,40535001,G,A,CCDC32,0,0.00889555,panelapp_benign
15,40539375,C,A,CCDC32,0,0.00118507,panelapp_benign
15,40539376,G,A,CCDC32,0,0.00233066,panelapp_benign
15,40557202,G,A,CCDC32,0,0.0010176,panelapp_benign
15,40557209,C,T,CCDC32,0,0.260314,panelapp_benign
15,40563011,T,A,CCDC32,0,0.345036,panelapp_benign
15,40563046,A,G,CCDC32,0,0.00371919,panelapp_benign
15,40564766,A,G,CCDC32,0,0.00176346,panelapp_benign
15,40564790,C,T,CCDC32,0,0.911041,panelapp_benign
19,38304255,T,C,YIF1B,0,0.297665,panelapp_benign
19,38304334,C,T,YIF1B,0,0.0247784,panelapp_benign
19,38304519,G,A,YIF1B,0,0.177969,panelapp_benign
19,38304610,G,A,YIF1B,0,0.205182,panelapp_benign
19,38304871,C,T,YIF1B,0,0.00140589,panelapp_benign
19,38305538,G,A,YIF1B,0,0.00110223,panelapp_benign
19,38307388,C,T,YIF1B,0,0.0732326,panelapp_benign
19,38307446,T,C,YIF1B,0,0.34367,panelapp_benign
19,38307586,G,A,YIF1B,0,0.0247528,panelapp_benign
19,38307623,C,T,YIF1B,0,0.00108693,panelapp_benign
19,38307768,C,T,YIF1B,0,0.00437076,panelapp_benign
19,38309076,G,A,YIF1B,0,0.00461627,panelapp_benign
19,38309379,C,T,YIF1B,0,0.00217221,panelapp_benign
19,38309525,C,T,YIF1B,0,0.231387,panelapp_benign
19,38309536,G,A,YIF1B,0,0.0815781,panelapp_benign
2,37089590,G,A,GPATCH11,0,0.168471,panelapp_benign
2,37089595,G,A,GPATCH11,0,0.0909927,panelapp_benign
2,37090631,T,C,GPATCH11,0,0.00309047,panelapp_benign
2,37090726,C,T,GPATCH11,0,0.984703,panelapp_benign
2,37092013,A,C,GPATCH11,0,0.0390141,panelapp_benign
2,37092068,A,G,GPATCH11,0,0.0482118,panelapp_benign
2,37092080,T,C,GPATCH11,0,0.0423268,panelapp_benign
2,37096284,A,G,GPATCH11,0,0.118067,panelapp_benign
2,36988731,T,G,HEATR5B,0,0.00366117,panelapp_benign
2,37000654,C,G,HEATR5B,0,0.0777685,panelapp_benign
2,37002310,G,A,HEATR5B,0,0.00797529,panelapp_benign
2,37002624,A,C,HEATR5B,0,0.00244647,panelapp_benign
2,37003585,T,C,HEATR5B,0,0.133803,panelapp_benign
2,37003591,C,T,HEATR5B,0,0.130207,panelapp_benign
2,37005736,A,C,HEATR5B,0,0.00259927,panelapp_benign
2,37005766,T,C,HEATR5B,0,0.020883,panelapp_benign
2,37005786,T,G,HEATR5B,0,0.139725,panelapp_benign
2,37007159,A,G,HEATR5B,0,0.00229847,panelapp_benign
2,37007336,A,C,HEATR5B,0,0.00109854,panelapp_benign
2,37007336,A,T,HEATR5B,0,0.0380094,panelapp_benign
2,37007338,T,C,HEATR5B,0,0.0553772,panelapp_benign
2,37007339,T,C,HEATR5B,0,0.0261918,panelapp_benign
2,37007340,T,C,HEATR5B,0,0.0201299,panelapp_benign
6,36856039,G,A,PPIL1,0,0.00536008,panelapp_benign
6,36856552,G,A,PPIL1,0,0.00433912,panelapp_benign
6,36856623,C,T,PPIL1,0,0.23546,panelapp_benign
6,36871677,A,G,PPIL1,0,0.00109929,panelapp_benign
6,36871767,G,A,PPIL1,0,0.00188115,panelapp_benign
6,36871822,C,G,PPIL1,0,0.0195966,panelapp_benign
1,35557823,G,C,NCDN,0,0.0420275,panelapp_benign
1,35559056,A,C,NCDN,0,0.0346858,panelapp_benign
1,35559062,G,C,NCDN,0,0.056544,panelapp_benign
1,35559063,T,C,NCDN,0,0.0284577,panelapp_benign
1,35559067,T,C,NCDN,0,0.0206859,panelapp_benign
1,35559070,T,C,NCDN,0,0.00260902,panelapp_benign
1,35560376,G,T,NCDN,0,0.00322319,panelapp_benign
1,35563190,C,T,NCDN,0,0.00677383,panelapp_benign
1,35563742,C,T,NCDN,0,0.0668877,panelapp_benign
1,35565194,G,A,NCDN,0,0.00178875,panelapp_benign
1,35565215,G,A,NCDN,0,0.00407806,panelapp_benign
1,35565516,C,T,NCDN,0,0.0077541,panelapp_benign
1,35565676,G,A,NCDN,0,0.0041527,panelapp_benign
1,35565741,T,A,NCDN,0,0.261668,panelapp_benign
14,35046510,G,A,FAM177A1,0,0.0016982,panelapp_benign
14,35046532,G,A,FAM177A1,0,0.00314738,panelapp_benign
14,35046699,T,C,FAM177A1,0,0.00434399,panelapp_benign
14,35046714,C,G,FAM177A1,0,0.185562,panelapp_benign
14,35053275,T,C,FAM177A1,0,0.00239869,panelapp_benign
14,35053286,C,T,FAM177A1,0,0.00132623,panelapp_benign
14,35077167,T,C,FAM177A1,0,0.137925,panelapp_benign
14,35077246,A,G,FAM177A1,0,0.0568292,panelapp_benign
14,34435294,C,T,SPTSSA,0,0.00447821,panelapp_benign
14,34462076,G,A,SPTSSA,0,0.0021036,panelapp_benign
1,32893644,C,T,HPCA,0,0.00100572,panelapp_benign
1,32893661,G,C,HPCA,0,0.0147833,panelapp_benign
1,32893739,C,T,HPCA,0,0.00196577,panelapp_benign
1,32894781,C,T,HPCA,0,0.00638546,panelapp_benign
1,32895627,A,G,HPCA,0,0.00613851,panelapp_benign
6,31960366,T,C,SKIV2L,0,0.00311963,panelapp_benign
6,31960371,G,T,SKIV2L,0,0.00809006,panelapp_benign
6,31960529,A,G,SKIV2L,0,0.0970124,panelapp_benign
6,31960628,T,G,SKIV2L,0,0.0112958,panelapp_benign
6,31961131,C,A,SKIV2L,0,0.00309479,panelapp_benign
6,31961698,C,T,SKIV2L,0,0.00319791,panelapp_benign
6,31961960,C,T,SKIV2L,0,0.00806733,panelapp_benign
6,31962399,G,C,SKIV2L,0,0.00310574,panelapp_benign
6,31962547,G,A,SKIV2L,0,0.00335763,panelapp_benign
6,31962663,G,A,SKIV2L,0,0.0011501,panelapp_benign
6,31962664,G,T,SKIV2L,0,0.608653,panelapp_benign
6,31962685,G,A,SKIV2L,0,0.14281,panelapp_benign
6,31962819,A,G,SKIV2L,0,0.00316095,panelapp_benign
6,31962940,G,A,SKIV2L,0,0.0032478,panelapp_benign
6,31962956,T,C,SKIV2L,0,0.00121162,panelapp_benign
21,31671502,G,C,SCAF4,0,0.00211137,panelapp_benign
21,31672065,G,A,SCAF4,0,0.0154005,panelapp_benign
21,31672095,A,G,SCAF4,0,0.0370351,panelapp_benign
21,31685001,G,A,SCAF4,0,0.0026771,panelapp_benign
21,31685010,T,G,SCAF4,0,0.0046281,panelapp_benign
21,31685014,G,A,SCAF4,0,0.00436186,panelapp_benign
21,31685407,T,G,SCAF4,0,0.00172544,panelapp_benign
21,31685534,G,C,SCAF4,0,0.00243582,panelapp_benign
21,31685671,A,C,SCAF4,0,0.00123784,panelapp_benign
21,31685762,C,T,SCAF4,0,0.0183285,panelapp_benign
21,31693285,T,C,SCAF4,0,0.00610828,panelapp_benign
21,31693373,A,G,SCAF4,0,0.00953206,panelapp_benign
21,31694168,T,C,SCAF4,0,0.0114062,panelapp_benign
21,31696160,A,G,SCAF4,0,0.00247025,panelapp_benign
21,31696624,C,A,SCAF4,0,0.0519665,panelapp_benign
12,31451841,T,C,DENND5B,0,0.00213008,panelapp_benign
12,31451923,A,C,DENND5B,0,0.00155622,panelapp_benign
12,31451994,G,C,DENND5B,0,0.13706,panelapp_benign
12,31452110,G,T,DENND5B,0,0.137441,panelapp_benign
12,31452336,T,C,DENND5B,0,0.0074988,panelapp_benign
12,31460275,A,G,DENND5B,0,0.00223281,panelapp_benign
12,31460280,G,A,DENND5B,0,0.00388316,panelapp_benign
12,31460401,A,G,DENND5B,0,0.00779681,panelapp_benign
12,31479560,G,C,DENND5B,0,0.00251192,panelapp_benign
12,31480184,T,G,DENND5B,0,0.00111633,panelapp_benign
12,31480264,G,A,DENND5B,0,0.00144092,panelapp_benign
12,31480268,G,A,DENND5B,0,0.00645309,panelapp_benign
12,31495789,G,A,DENND5B,0,0.611091,panelapp_benign
12,31495892,C,T,DENND5B,0,0.440544,panelapp_benign
12,31499583,C,G,DENND5B,0,0.00430831,panelapp_benign
6,31529701,A,G,DDX39B,0,0.834048,panelapp_benign
6,31529743,C,A,DDX39B,0,0.00456455,panelapp_benign
6,31529845,A,G,DDX39B,0,0.0111363,panelapp_benign
6,31529929,C,T,DDX39B,0,0.760903,panelapp_benign
6,31529967,G,A,DDX39B,0,0.862905,panelapp_benign
6,31530426,C,A,DDX39B,0,0.0123597,panelapp_benign
6,31530960,G,A,DDX39B,0,0.178843,panelapp_benign
6,31531452,C,T,DDX39B,0,0.0343975,panelapp_benign
6,31532931,T,G,DDX39B,0,0.00237471,panelapp_benign
6,31532954,T,G,DDX39B,0,0.00210013,panelapp_benign
6,31532969,T,G,DDX39B,0,0.0220326,panelapp_benign
6,31532976,G,T,DDX39B,0,0.00274176,panelapp_benign
6,31532977,T,G,DDX39B,0,0.00162624,panelapp_benign
6,31533065,C,T,DDX39B,0,0.0122634,panelapp_benign
6,31535341,G,A,DDX39B,0,0.0165449,panelapp_benign
16,31427849,G,A,COX6A2,0,0.077296,panelapp_benign
16,31427909,C,G,COX6A2,0,0.00793651,panelapp_benign
16,31427992,G,C,COX6A2,0,0.0833567,panelapp_benign
16,31427997,C,T,COX6A2,0,0.00100543,panelapp_benign
16,31428192,C,G,COX6A2,0,0.00947494,panelapp_benign
16,31428227,C,T,COX6A2,0,0.00238985,panelapp_benign
16,31428241,T,C,COX6A2,0,0.0088456,panelapp_benign
16,31428292,A,C,COX6A2,0,0.00261347,panelapp_benign
16,31428376,G,T,COX6A2,0,0.00189643,panelapp_benign
17,30899210,T,C,TEFM,0,0.130008,panelapp_benign
17,30899330,T,A,TEFM,0,0.00204358,panelapp_benign
17,30899489,C,T,TEFM,0,0.00258745,panelapp_benign
17,30899612,T,A,TEFM,0,0.394427,panelapp_benign
17,30899627,T,C,TEFM,0,0.0076999,panelapp_benign
17,30899634,A,G,TEFM,0,0.402516,panelapp_benign
17,30900594,T,A,TEFM,0,0.00106709,panelapp_benign
17,30906145,C,T,TEFM,0,0.00311064,panelapp_benign
2,28404262,G,A,FOSL2,0,0.00208405,panelapp_benign
2,28411909,A,G,FOSL2,0,0.00920243,panelapp_benign
2,28411923,G,A,FOSL2,0,0.359691,panelapp_benign
2,28412475,G,A,FOSL2,0,0.0010072,panelapp_benign
12,27633482,A,G,PPFIBP1,0,0.32651,panelapp_benign
12,27635088,G,A,PPFIBP1,0,0.326844,panelapp_benign
12,27646075,T,G,PPFIBP1,0,0.0205331,panelapp_benign
12,27646180,G,A,PPFIBP1,0,0.0011168,panelapp_benign
12,27646244,T,A,PPFIBP1,0,0.00235119,panelapp_benign
12,27646267,A,C,PPFIBP1,0,0.00208267,panelapp_benign
12,27647729,G,C,PPFIBP1,0,0.00128708,panelapp_benign
12,27647734,T,C,PPFIBP1,0,0.00126444,panelapp_benign
12,27647735,G,A,PPFIBP1,0,0.00125556,panelapp_benign
12,27647813,G,T,PPFIBP1,0,0.99713,panelapp_benign
12,27647836,G,A,PPFIBP1,0,0.00925419,panelapp_benign
12,27649999,A,C,PPFIBP1,0,0.0629737,panelapp_benign
12,27658879,A,C,PPFIBP1,0,0.00689503,panelapp_benign
12,27660970,C,T,PPFIBP1,0,0.998868,panelapp_benign
12,27667231,G,C,PPFIBP1,0,0.0015256,panelapp_benign
1,27322242,G,A,TMEM222,0,0.00715986,panelapp_benign
1,27333474,C,T,TMEM222,0,0.992389,panelapp_benign
1,27334077,G,A,TMEM222,0,0.38084,panelapp_benign
1,27334240,G,C,TMEM222,0,0.029482,panelapp_benign
1,27334243,G,A,TMEM222,0,0.00848706,panelapp_benign
1,27334622,C,T,TMEM222,0,0.00111929,panelapp_benign
1,27335333,C,T,TMEM222,0,0.00101997,panelapp_benign
1,27335433,C,T,TMEM222,0,0.00161108,panelapp_benign
1,27335461,C,T,TMEM222,0,0.00904595,panelapp_benign
21,25592788,C,A,MRPL39,0,0.7135,panelapp_benign
21,25592836,G,A,MRPL39,0,0.773603,panelapp_benign
21,25592860,T,C,MRPL39,0,0.00224397,panelapp_benign
21,25592893,T,C,MRPL39,0,0.773544,panelapp_benign
21,25593852,C,T,MRPL39,0,0.00519783,panelapp_benign
21,25594005,A,G,MRPL39,0,0.603217,panelapp_benign
21,25597391,T,C,MRPL39,0,0.774967,panelapp_benign
21,25599767,C,G,MRPL39,0,0.00372999,panelapp_benign
21,25603910,C,T,MRPL39,0,0.053817,panelapp_benign
21,25603925,C,T,MRPL39,0,0.0548344,panelapp_benign
21,25603938,A,G,MRPL39,0,0.615333,panelapp_benign
21,25606478,T,C,MRPL39,0,0.00227244,panelapp_benign
21,25606567,C,T,MRPL39,0,0.00108574,panelapp_benign
21,25606638,A,G,MRPL39,0,0.948733,panelapp_benign
21,25607440,C,T,MRPL39,0,0.00420714,panelapp_benign
13,24883942,G,C,CENPJ,0,0.00435184,panelapp_benign
13,24885411,A,G,CENPJ,0,0.00266486,panelapp_benign
13,24886290,A,G,CENPJ,0,0.98337,panelapp_benign
13,24892885,C,A,CENPJ,0,0.0181513,panelapp_benign
13,24903896,T,C,CENPJ,0,0.00143622,panelapp_benign
13,24903945,T,C,CENPJ,0,0.00195269,panelapp_benign
13,24905576,G,A,CENPJ,0,0.00147964,panelapp_benign
13,24906078,C,T,CENPJ,0,0.00125416,panelapp_benign
13,24907147,A,C,CENPJ,0,0.00150474,panelapp_benign
13,24908152,A,G,CENPJ,0,0.00504035,panelapp_benign
13,24909845,T,C,CENPJ,0,0.00116305,panelapp_benign
13,24909892,T,C,CENPJ,0,0.00173825,panelapp_benign
13,24912119,T,C,CENPJ,0,0.00302814,panelapp_benign
13,24912739,T,C,CENPJ,0,0.00336793,panelapp_benign
13,24912839,C,G,CENPJ,0,0.00550478,panelapp_benign
20,23379534,G,C,NAPB,0,0.298673,panelapp_benign
20,23390177,C,T,NAPB,0,0.00101306,panelapp_benign
20,23390288,A,T,NAPB,0,0.0172005,panelapp_benign
20,23394987,T,C,NAPB,0,0.0015396,panelapp_benign
20,23397178,G,A,NAPB,0,0.0421404,panelapp_benign
20,23403124,C,A,NAPB,0,0.00278488,panelapp_benign
20,23421338,T,C,NAPB,0,0.00438917,panelapp_benign
20,23421388,C,G,NAPB,0,0.00129886,panelapp_benign
20,23421412,C,G,NAPB,0,0.00711345,panelapp_benign
1,23311177,A,G,HNRNPR,0,0.00414885,panelapp_benign
1,23311353,C,T,HNRNPR,0,0.00398098,panelapp_benign
1,23313619,G,A,HNRNPR,0,0.00905998,panelapp_benign
1,23313722,C,T,HNRNPR,0,0.0011504,panelapp_benign
1,23313729,G,A,HNRNPR,0,0.0160922,panelapp_benign
1,23323539,G,C,HNRNPR,0,0.00845049,panelapp_benign
1,23333491,C,G,HNRNPR,0,0.00266591,panelapp_benign
7,22945663,T,C,FAM126A,0,0.00124419,panelapp_benign
7,22960458,G,A,FAM126A,0,0.00102348,panelapp_benign
7,22964395,G,A,FAM126A,0,0.00157497,panelapp_benign
7,22976665,G,C,FAM126A,0,0.00220833,panelapp_benign
7,22978411,T,C,FAM126A,0,0.00118775,panelapp_benign
7,22991012,A,T,FAM126A,0,0.00102734,panelapp_benign
7,23014007,C,T,FAM126A,0,0.00432307,panelapp_benign
7,22817410,A,T,TOMM7,0,0.00561945,panelapp_benign
7,22817592,T,C,TOMM7,0,0.00139168,panelapp_benign
7,22817970,T,C,TOMM7,0,0.684485,panelapp_benign
7,22818063,A,G,TOMM7,0,0.226999,panelapp_benign
7,22822120,T,C,TOMM7,0,0.222728,panelapp_benign
14,21211597,G,A,HNRNPC,0,0.0268694,panelapp_benign
14,21211603,A,T,HNRNPC,0,0.00500597,panelapp_benign
14,21211616,C,T,HNRNPC,0,0.00995408,panelapp_benign
14,21211618,T,C,HNRNPC,0,0.0024836,panelapp_benign
14,21211950,A,G,HNRNPC,0,0.00115146,panelapp_benign
14,21213054,C,T,HNRNPC,0,0.0202442,panelapp_benign
14,21230910,A,C,HNRNPC,0,0.262864,panelapp_benign
14,21234092,C,T,HNRNPC,0,0.00166705,panelapp_benign
14,21234225,G,A,HNRNPC,0,0.00132658,panelapp_benign
14,20289645,C,A,TTC5,0,0.162042,panelapp_benign
14,20289679,C,A,TTC5,0,0.00271713,panelapp_benign
14,20295287,T,C,TTC5,0,0.928127,panelapp_benign
14,20295344,T,C,TTC5,0,0.00225612,panelapp_benign
14,20295364,C,T,TTC5,0,0.00462661,panelapp_benign
14,20295416,G,A,TTC5,0,0.00191338,panelapp_benign
14,20295444,T,C,TTC5,0,0.00571315,panelapp_benign
14,20295557,G,A,TTC5,0,0.0600073,panelapp_benign
14,20295665,T,A,TTC5,0,0.00103978,panelapp_benign
14,20295680,T,G,TTC5,0,0.00523396,panelapp_benign
14,20295872,C,T,TTC5,0,0.172547,panelapp_benign
14,20296426,A,C,TTC5,0,0.461894,panelapp_benign
14,20296480,T,C,TTC5,0,0.00315707,panelapp_benign
14,20299459,G,A,TTC5,0,0.734799,panelapp_benign
14,20300703,G,A,TTC5,0,0.00103036,panelapp_benign
20,20036215,C,T,CRNKL1,0,0.00300081,panelapp_benign
20,20038305,G,A,CRNKL1,0,0.00817993,panelapp_benign
20,20039569,C,T,CRNKL1,0,0.081056,panelapp_benign
20,20039890,A,G,CRNKL1,0,0.00146272,panelapp_benign
20,20040657,T,C,CRNKL1,0,0.229829,panelapp_benign
20,20042530,C,G,CRNKL1,0,0.120852,panelapp_benign
20,20045489,G,A,CRNKL1,0,0.00201106,panelapp_benign
20,20049310,T,C,CRNKL1,0,0.122017,panelapp_benign
20,20052354,T,C,CRNKL1,0,0.513441,panelapp_benign
20,20052468,G,T,CRNKL1,0,0.00149516,panelapp_benign
20,20052469,C,T,CRNKL1,0,0.00116907,panelapp_benign
20,20052493,T,A,CRNKL1,0,0.658299,panelapp_benign
20,20052550,G,T,CRNKL1,0,0.00119461,panelapp_benign
20,20052554,C,T,CRNKL1,0,0.0017641,panelapp_benign
20,20052579,A,T,CRNKL1,0,0.0600986,panelapp_benign
20,20022420,G,A,NAA20,0,0.00411348,panelapp_benign
20,20022494,C,A,NAA20,0,0.00371173,panelapp_benign
20,20025724,T,C,NAA20,0,0.0785067,panelapp_benign
20,20026902,A,G,NAA20,0,0.00251334,panelapp_benign
20,20033215,C,A,NAA20,0,0.00406951,panelapp_benign
19,19177466,A,G,BORCS8,0,0.00764526,panelapp_benign
19,19180734,T,C,BORCS8,0,0.00190604,panelapp_benign
19,19180759,G,A,BORCS8,0,0.00765499,panelapp_benign
19,19182698,C,G,BORCS8,0,0.0226325,panelapp_benign
19,19182711,C,T,BORCS8,0,0.00589485,panelapp_benign
19,19187027,G,A,BORCS8,0,0.00233042,panelapp_benign
19,19192072,C,T,BORCS8,0,0.00705853,panelapp_benign
19,14565077,C,T,NDUFB7,0,0.0118666,panelapp_benign
19,14565589,C,T,NDUFB7,0,0.0175962,panelapp_benign
19,14565669,C,T,NDUFB7,0,0.0112266,panelapp_benign
19,14565757,C,T,NDUFB7,0,0.00463359,panelapp_benign
19,14565766,C,T,NDUFB7,0,0.0757667,panelapp_benign
19,14566021,A,G,NDUFB7,0,0.00107136,panelapp_benign
19,14566129,C,T,NDUFB7,0,0.00816691,panelapp_benign
19,14566194,T,G,NDUFB7,0,0.00104137,panelapp_benign
19,14566195,T,C,NDUFB7,0,0.00104529,panelapp_benign
19,14566315,C,A,NDUFB7,0,0.0058503,panelapp_benign
19,14566768,C,T,NDUFB7,0,0.00344832,panelapp_benign
19,14566899,C,T,NDUFB7,0,0.00114724,panelapp_benign
19,14566920,T,C,NDUFB7,0,0.00493284,panelapp_benign
19,14571992,G,C,NDUFB7,0,0.505519,panelapp_benign
19,14572039,C,G,NDUFB7,0,0.00875121,panelapp_benign
19,14151046,C,G,ADGRL1,0,0.0022237,panelapp_benign
19,14151053,T,G,ADGRL1,0,0.00578917,panelapp_benign
19,14151055,C,G,ADGRL1,0,0.00921273,panelapp_benign
19,14151059,A,G,ADGRL1,0,0.0148109,panelapp_benign
19,14151215,C,T,ADGRL1,0,0.00206338,panelapp_benign
19,14151317,A,C,ADGRL1,0,0.00905394,panelapp_benign
19,14152122,G,A,ADGRL1,0,0.0132181,panelapp_benign
19,14152283,C,A,ADGRL1,0,0.00517239,panelapp_benign
19,14152548,A,C,ADGRL1,0,0.00696056,panelapp_benign
19,14155500,C,T,ADGRL1,0,0.0250187,panelapp_benign
19,14155561,C,T,ADGRL1,0,0.00210801,panelapp_benign
19,14156963,C,T,ADGRL1,0,0.00218685,panelapp_benign
19,14157873,C,T,ADGRL1,0,0.0126029,panelapp_benign
19,14157987,G,A,ADGRL1,0,0.126121,panelapp_benign
19,14158326,G,A,ADGRL1,0,0.00123797,panelapp_benign
20,13417559,C,T,TASP1,0,0.00263737,panelapp_benign
20,13483208,T,C,TASP1,0,0.037105,panelapp_benign
20,13483367,G,A,TASP1,0,0.0265575,panelapp_benign
20,13483383,C,A,TASP1,0,0.397843,panelapp_benign
20,13534015,T,C,TASP1,0,0.00210632,panelapp_benign
20,13534052,C,T,TASP1,0,0.00606902,panelapp_benign
20,13569480,C,T,TASP1,0,0.0373161,panelapp_benign
20,13580848,A,G,TASP1,0,0.00677265,panelapp_benign
20,13580977,G,A,TASP1,0,0.00108273,panelapp_benign
20,13580986,A,T,TASP1,0,0.0214413,panelapp_benign
20,13587326,C,A,TASP1,0,0.00594307,panelapp_benign
20,13617070,G,A,TASP1,0,0.236681,panelapp_benign
20,13625256,A,T,TASP1,0,0.255921,panelapp_benign
6,12749512,A,C,PHACTR1,0,0.0479357,panelapp_benign
6,12749523,A,C,PHACTR1,0,0.177438,panelapp_benign
6,12749528,T,C,PHACTR1,0,0.00273725,panelapp_benign
6,12749544,T,C,PHACTR1,0,0.00826699,panelapp_benign
6,12749550,T,C,PHACTR1,0,0.00775155,panelapp_benign
6,12749556,T,C,PHACTR1,0,0.0931957,panelapp_benign
6,12749562,T,A,PHACTR1,0,0.00144928,panelapp_benign
6,12749562,T,C,PHACTR1,0,0.0763285,panelapp_benign
6,12749741,C,T,PHACTR1,0,0.00133979,panelapp_benign
6,12749824,C,T,PHACTR1,0,0.00124751,panelapp_benign
6,12933635,G,A,PHACTR1,0,0.00388336,panelapp_benign
6,12933680,G,A,PHACTR1,0,0.00449324,panelapp_benign
6,12933737,C,A,PHACTR1,0,0.0014949,panelapp_benign
6,12933813,C,T,PHACTR1,0,0.00310358,panelapp_benign
6,12933926,G,A,PHACTR1,0,0.00355059,panelapp_benign
19,12675556,G,A,DHPS,0,0.00192926,panelapp_benign
19,12675635,G,A,DHPS,0,0.0174205,panelapp_benign
19,12675789,A,C,DHPS,0,0.00360402,panelapp_benign
19,12675874,C,T,DHPS,0,0.00117939,panelapp_benign
19,12676190,G,A,DHPS,0,0.00125735,panelapp_benign
19,12677094,C,T,DHPS,0,0.00158968,panelapp_benign
19,12677283,C,A,DHPS,0,0.00515923,panelapp_benign
19,12679478,G,C,DHPS,0,0.00138773,panelapp_benign
19,12679523,A,G,DHPS,0,0.00110938,panelapp_benign
19,12679692,C,G,DHPS,0,0.00955933,panelapp_benign
19,12680122,G,A,DHPS,0,0.00705557,panelapp_benign
19,12680984,A,C,DHPS,0,0.00160128,panelapp_benign
19,12681098,C,T,DHPS,0,0.0109522,panelapp_benign
19,12681563,G,A,DHPS,0,0.00961446,panelapp_benign
19,12668356,G,A,WDR83OS,0,0.0421094,panelapp_benign
19,12668459,C,G,WDR83OS,0,0.0060361,panelapp_benign
19,12669199,A,G,WDR83OS,0,0.00181804,panelapp_benign
19,12669365,G,A,WDR83OS,0,0.0507308,panelapp_benign
19,12669390,T,C,WDR83OS,0,0.0159095,panelapp_benign
19,12669412,G,A,WDR83OS,0,0.00124137,panelapp_benign
3,11790479,C,T,TAMM41,0,0.341771,panelapp_benign
3,11807400,G,C,TAMM41,0,0.121536,panelapp_benign
3,11807404,C,T,TAMM41,0,0.00197815,panelapp_benign
3,11807611,A,G,TAMM41,0,0.00193481,panelapp_benign
3,11807873,C,T,TAMM41,0,0.00143792,panelapp_benign
3,11807910,C,A,TAMM41,0,0.00430685,panelapp_benign
3,11809577,C,T,TAMM41,0,0.0011457,panelapp_benign
3,11829730,G,A,TAMM41,0,0.00160324,panelapp_benign
3,11829741,T,C,TAMM41,0,0.096756,panelapp_benign
3,11829769,G,C,TAMM41,0,0.00155888,panelapp_benign
3,11833103,T,C,TAMM41,0,0.00757414,panelapp_benign
3,11839286,T,C,TAMM41,0,0.132658,panelapp_benign
3,11839342,C,A,TAMM41,0,0.546145,panelapp_benign
3,11844075,T,C,TAMM41,0,0.00101017,panelapp_benign
3,11844246,T,G,TAMM41,0,0.0151179,panelapp_benign
10,11005344,C,A,CELF2,0,0.00152726,panelapp_benign
10,11018186,G,A,CELF2,0,0.0459679,panelapp_benign
10,11018213,G,C,CELF2,0,0.0394214,panelapp_benign
10,11257573,T,G,CELF2,0,0.0206199,panelapp_benign
10,11257591,G,A,CELF2,0,0.00232599,panelapp_benign
10,11257772,A,T,CELF2,0,0.754399,panelapp_benign
10,11257775,G,A,CELF2,0,0.00262082,panelapp_benign
10,11275024,G,A,CELF2,0,0.525914,panelapp_benign
10,11288473,G,A,CELF2,0,0.0106134,panelapp_benign
10,11288561,G,A,CELF2,0,0.00136777,panelapp_benign
10,11288562,G,A,CELF2,0,0.617648,panelapp_benign
10,11288585,G,A,CELF2,0,0.353355,panelapp_benign
10,11314104,C,T,CELF2,0,0.00154686,panelapp_benign
10,11314122,T,C,CELF2,0,0.00988206,panelapp_benign
10,11314145,C,G,CELF2,0,0.00192537,panelapp_benign
7,10933608,A,G,NDUFA4,0,0.00361799,panelapp_benign
7,10933735,C,T,NDUFA4,0,0.610771,panelapp_benign
7,10933742,G,A,NDUFA4,0,0.00119329,panelapp_benign
7,10939966,C,T,NDUFA4,0,0.00184327,panelapp_benign
7,10939992,T,A,NDUFA4,0,0.00135807,panelapp_benign
7,10940064,G,A,NDUFA4,0,0.00179826,panelapp_benign
7,10940070,G,A,NDUFA4,0,0.0134016,panelapp_benign
6,8015617,T,C,BLOC1S5,0,0.00261214,panelapp_benign
6,8015774,T,C,BLOC1S5,0,0.00224376,panelapp_benign
6,8015838,G,T,BLOC1S5,0,0.00277924,panelapp_benign
6,8015856,C,T,BLOC1S5,0,0.808701,panelapp_benign
6,8026344,T,C,BLOC1S5,0,0.669672,panelapp_benign
6,8041311,C,T,BLOC1S5,0,0.0011168,panelapp_benign
6,8054272,T,C,BLOC1S5,0,0.0014034,panelapp_benign
6,8064242,A,G,BLOC1S5,0,0.0192695,panelapp_benign
6,8064353,G,A,BLOC1S5,0,0.0034214,panelapp_benign
17,7307033,G,C,EIF5A,0,0.011042,panelapp_benign
17,7307129,G,A,EIF5A,0,0.00100038,panelapp_benign
17,7308464,T,G,EIF5A,0,0.00141656,panelapp_benign
17,7308515,C,T,EIF5A,0,0.0016257,panelapp_benign
17,7308529,G,A,EIF5A,0,0.00221741,panelapp_benign
17,7309818,G,C,EIF5A,0,0.00248968,panelapp_benign
17,7309924,T,C,EIF5A,0,0.00199089,panelapp_benign
17,7310033,G,A,EIF5A,0,0.0415056,panelapp_benign
17,7310240,A,T,EIF5A,0,0.00249016,panelapp_benign
17,7310241,C,G,EIF5A,0,0.263832,panelapp_benign
17,7310260,A,G,EIF5A,0,0.118685,panelapp_benign
17,7310968,C,T,EIF5A,0,0.00100757,panelapp_benign
17,7311505,C,T,EIF5A,0,0.686596,panelapp_benign
17,7312824,T,C,EIF5A,0,0.00122515,panelapp_benign
17,7313221,G,A,EIF5A,0,0.0707097,panelapp_benign
12,6943261,C,A,RNU7-1,0,0.00132298,panelapp_benign
12,6943268,G,A,RNU7-1,0,0.00100535,panelapp_benign
12,6943536,A,G,RNU7-1,0,0.00441196,panelapp_benign
12,6943710,G,A,RNU7-1,0,0.00263532,panelapp_benign
12,6944090,A,G,RNU7-1,0,0.00220049,panelapp_benign
12,6944094,C,T,RNU7-1,0,0.00120939,panelapp_benign
12,6944095,C,T,RNU7-1,0,0.00681842,panelapp_benign
12,6944119,C,T,RNU7-1,0,0.00172231,panelapp_benign
12,6944207,G,C,RNU7-1,0,0.00102087,panelapp_benign
2,6849857,T,C,CMPK2,0,0.00237862,panelapp_benign
2,6849889,C,T,CMPK2,0,0.116026,panelapp_benign
2,6849902,T,C,CMPK2,0,0.0213657,panelapp_benign
2,6849938,C,T,CMPK2,0,0.0014992,panelapp_benign
2,6851420,G,A,CMPK2,0,0.00707901,panelapp_benign
2,6861158,C,G,CMPK2,0,0.00239872,panelapp_benign
2,6863549,T,C,CMPK2,0,0.0161845,panelapp_benign
2,6865106,C,A,CMPK2,0,0.0012017,panelapp_benign
2,6865238,A,G,CMPK2,0,0.999658,panelapp_benign
2,6865861,C,T,CMPK2,0,0.994918,panelapp_benign
2,6865935,C,G,CMPK2,0,0.00125565,panelapp_benign
20,6006304,G,A,CRLS1,0,0.109085,panelapp_benign
20,6006456,G,A,CRLS1,0,0.00255206,panelapp_benign
20,6007449,A,G,CRLS1,0,0.681985,panelapp_benign
20,6031288,C,T,CRLS1,0,0.0955004,panelapp_benign
20,6031297,A,G,CRLS1,0,0.00122423,panelapp_benign
20,6037069,A,C,CRLS1,0,0.00121075,panelapp_benign
20,6037175,C,T,CRLS1,0,0.0115847,panelapp_benign
7,5214373,A,T,WIPI2,0,0.00177459,panelapp_benign
7,5214430,G,A,WIPI2,0,0.0270048,panelapp_benign
7,5214436,C,T,WIPI2,0,0.00171623,panelapp_benign
7,5214542,G,A,WIPI2,0,0.00846143,panelapp_benign
7,5214587,G,A,WIPI2,0,0.0177221,panelapp_benign
7,5214596,C,G,WIPI2,0,0.987121,panelapp_benign
7,5216554,C,T,WIPI2,0,0.00384524,panelapp_benign
7,5216702,G,C,WIPI2,0,0.0272956,panelapp_benign
7,5217942,G,A,WIPI2,0,0.0850774,panelapp_benign
7,5217969,G,A,WIPI2,0,0.00225868,panelapp_benign
7,5222695,A,G,WIPI2,0,0.00468843,panelapp_benign
7,5225812,C,T,WIPI2,0,0.00103462,panelapp_benign
7,5225860,G,A,WIPI2,0,0.00470016,panelapp_benign
7,5225871,C,T,WIPI2,0,0.00151608,panelapp_benign
7,5227302,G,C,WIPI2,0,0.0187587,panelapp_benign
17,4731463,C,G,MED11,0,0.00549345,panelapp_benign
17,4731836,C,G,MED11,0,0.00351718,panelapp_benign
17,4731919,G,A,MED11,0,0.00526606,panelapp_benign
17,4731975,C,T,MED11,0,0.00563615,panelapp_benign
17,4734591,G,A,MED11,0,0.351503,panelapp_benign
12,4490600,A,C,C12ORF4,0,0.00272469,panelapp_benign
12,4502461,C,G,C12ORF4,0,0.00220257,panelapp_benign
12,4505379,A,G,C12ORF4,0,0.00862827,panelapp_benign
12,4505417,A,C,C12ORF4,0,0.00302977,panelapp_benign
12,4517141,A,G,C12ORF4,0,0.00144617,panelapp_benign
12,4517225,C,T,C12ORF4,0,0.00137688,panelapp_benign
12,4518248,C,T,C12ORF4,0,0.0810387,panelapp_benign
12,4518914,G,A,C12ORF4,0,0.0014842,panelapp_benign
12,4525217,G,A,C12ORF4,0,0.00231357,panelapp_benign
12,4535966,A,G,C12ORF4,0,0.00118882,panelapp_benign
12,4536234,G,A,C12ORF4,0,0.100187,panelapp_benign
12,4538908,A,T,C12ORF4,0,0.00885812,panelapp_benign
12,4538925,G,T,C12ORF4,0,0.00703827,panelapp_benign
19,3525897,T,C,FZR1,0,0.00104371,panelapp_benign
19,3526219,A,C,FZR1,0,0.00928363,panelapp_benign
19,3526411,G,A,FZR1,0,0.00192737,panelapp_benign
19,3527021,C,T,FZR1,0,0.0050246,panelapp_benign
19,3527112,G,T,FZR1,0,0.134009,panelapp_benign
19,3527621,G,A,FZR1,0,0.00226254,panelapp_benign
19,3530839,C,T,FZR1,0,0.00108551,panelapp_benign
19,3530895,G,T,FZR1,0,0.00543872,panelapp_benign
19,3531834,C,A,FZR1,0,0.00188176,panelapp_benign
19,3531985,A,C,FZR1,0,0.00168049,panelapp_benign
19,3532392,C,T,FZR1,0,0.0011376,panelapp_benign
19,3532479,C,T,FZR1,0,0.00219076,panelapp_benign
19,3533276,G,A,FZR1,0,0.352417,panelapp_benign
19,3534542,G,A,FZR1,0,0.00257421,panelapp_benign
19,3534760,G,A,FZR1,0,0.0068958,panelapp_benign
9,3225104,C,T,RFX3,0,0.0011959,panelapp_benign
9,3225319,A,T,RFX3,0,0.0141532,panelapp_benign
9,3228838,G,A,RFX3,0,0.00596485,panelapp_benign
9,3247768,T,C,RFX3,0,0.00719303,panelapp_benign
9,3247951,C,T,RFX3,0,0.0185039,panelapp_benign
9,3257122,C,T,RFX3,0,0.00465707,panelapp_benign
9,3271018,G,A,RFX3,0,0.00668535,panelapp_benign
9,3275418,A,G,RFX3,0,0.00131304,panelapp_benign
9,3275578,A,T,RFX3,0,0.00231036,panelapp_benign
9,3275625,C,G,RFX3,0,0.00479017,panelapp_benign
9,3293042,G,C,RFX3,0,0.00211269,panelapp_benign
9,3293246,A,C,RFX3,0,0.00920099,panelapp_benign
9,3293303,G,T,RFX3,0,0.00215541,panelapp_benign
9,3344830,G,A,RFX3,0,0.0133967,panelapp_benign
9,3344844,T,A,RFX3,0,0.0040491,panelapp_benign
19,3491729,C,T,DOHH,0,0.00108186,panelapp_benign
19,3492221,G,A,DOHH,0,0.00463489,panelapp_benign
19,3492245,C,T,DOHH,0,0.0502044,panelapp_benign
19,3492320,G,C,DOHH,0,0.0193574,panelapp_benign
19,3492435,G,A,DOHH,0,0.00213903,panelapp_benign
19,3496835,G,A,DOHH,0,0.0245505,panelapp_benign
16,2514094,A,G,ATP6V0C,0,0.0051103,panelapp_benign
16,2519580,G,T,ATP6V0C,0,0.00109858,panelapp_benign
16,2519761,A,C,ATP6V0C,0,0.00944174,panelapp_benign
16,2519911,G,C,ATP6V0C,0,0.105377,panelapp_benign
16,2519915,G,C,ATP6V0C,0,0.081519,panelapp_benign
16,2519920,G,C,ATP6V0C,0,0.00271755,panelapp_benign
16,2519924,C,G,ATP6V0C,0,0.00118656,panelapp_benign
16,2519933,C,A,ATP6V0C,0,0.0097273,panelapp_benign
X,2220998,T,G,DHRSX,0,0.035291,panelapp_benign
X,2221038,A,T,DHRSX,0,0.00126854,panelapp_benign
X,2221145,C,T,DHRSX,0,0.374815,panelapp_benign
X,2221146,G,A,DHRSX,0,0.0165544,panelapp_benign
X,2221159,T,C,DHRSX,0,0.84512,panelapp_benign
X,2221275,C,T,DHRSX,0,0.00531302,panelapp_benign
X,2243088,C,G,DHRSX,0,0.634692,panelapp_benign
X,2243110,G,A,DHRSX,0,0.0150451,panelapp_benign
X,2243203,G,A,DHRSX,0,0.00173758,panelapp_benign
X,2243269,C,T,DHRSX,0,0.00273641,panelapp_benign
X,2266730,G,T,DHRSX,0,0.00121089,panelapp_benign
X,2266856,G,T,DHRSX,0,0.0150613,panelapp_benign
X,2291478,T,C,DHRSX,0,0.00620149,panelapp_benign
X,2291631,C,G,DHRSX,0,0.395599,panelapp_benign
X,2291634,G,C,DHRSX,0,0.18333,panelapp_benign
7,2235542,G,A,MRM2,0,0.00413667,panelapp_benign
7,2238811,C,T,MRM2,0,0.00127551,panelapp_benign
7,2238952,A,G,MRM2,0,0.0172249,panelapp_benign
7,2238979,A,T,MRM2,0,0.5,panelapp_benign
7,2239684,G,A,MRM2,0,0.00489075,panelapp_benign
7,2242119,C,T,MRM2,0,0.0355591,panelapp_benign
7,2242146,G,A,MRM2,0,0.00159091,panelapp_benign
7,2242160,A,C,MRM2,0,0.00110135,panelapp_benign
7,2242185,C,T,MRM2,0,0.00176171,panelapp_benign
7,2242207,C,T,MRM2,0,0.00144952,panelapp_benign
7,2242977,T,C,MRM2,0,0.00757656,panelapp_benign
7,1693341,C,T,ELFN1,0,0.0026892,panelapp_benign
7,1693345,C,A,ELFN1,0,0.00470691,panelapp_benign
7,1693466,G,T,ELFN1,0,0.261636,panelapp_benign
7,1693546,C,T,ELFN1,0,0.108714,panelapp_benign
7,1693556,C,T,ELFN1,0,0.100428,panelapp_benign
7,1693838,G,A,ELFN1,0,0.0131293,panelapp_benign
7,1744607,G,A,ELFN1,0,0.0010249,panelapp_benign
7,1744638,G,A,ELFN1,0,0.00238137,panelapp_benign
7,1744672,C,T,ELFN1,0,0.00164622,panelapp_benign
7,1744893,C,T,ELFN1,0,0.00343004,panelapp_benign
7,1744911,G,A,ELFN1,0,0.00309779,panelapp_benign
7,1745280,C,G,ELFN1,0,0.00434683,panelapp_benign
7,1746102,G,A,ELFN1,0,0.168857,panelapp_benign
7,1746263,C,A,ELFN1,0,0.00188118,panelapp_benign
7,1746484,G,A,ELFN1,0,0.00393558,panelapp_benign
